filename,xmin,ymin,xmax,ymax,has_liquid,liquid_level,pose,liquid_type,source
-on-white-background-transparent-plastic-pet-bottle-of-mineral-water-2DA55DY_85_11zon.jpeg,286,151,626,1140,1,full,unknown,water,Full  Water level/Full  Water level/-on-white-background-transparent-plastic-pet-bottle-of-mineral-water-2DA55DY_85_11zon.jpeg
01-waterbottlesun_20190719_0023_2x3_1_11zon.jpeg,645,330,1296,2613,1,full,unknown,water,Full  Water level/Full  Water level/01-waterbottlesun_20190719_0023_2x3_1_11zon.jpeg
0bnC0a9OdzJtymklrmne_1_11zon.jpeg,0,0,360,380,1,full,unknown,water,Full  Water level/Full  Water level/0bnC0a9OdzJtymklrmne_1_11zon.jpeg
1-0l-fresh-water-bottle-mockup_358694-280_3_11zon.jpeg,253,89,361,402,1,full,unknown,water,Full  Water level/Full  Water level/1-0l-fresh-water-bottle-mockup_358694-280_3_11zon.jpeg
1000_F_181641215_ZAQ5NSDRONequztAW4ipiNfPlyuEa3s0_19_11zon.jpeg,360,78,633,942,1,full,unknown,water,Full  Water level/Full  Water level/1000_F_181641215_ZAQ5NSDRONequztAW4ipiNfPlyuEa3s0_19_11zon.jpeg
1000_F_251350383_qpgK1Q0u3nBLak8CjH7rENWlY7NRbLwI_21_11zon.jpeg,374,52,566,422,1,full,unknown,water,Full  Water level/Full  Water level/1000_F_251350383_qpgK1Q0u3nBLak8CjH7rENWlY7NRbLwI_21_11zon.jpeg
1000_F_294537209_JaQefXgA0A6O37NfDHTib6zROQcHT9Jd_22_11zon.jpeg,610,309,711,646,1,full,unknown,water,Full  Water level/Full  Water level/1000_F_294537209_JaQefXgA0A6O37NfDHTib6zROQcHT9Jd_22_11zon.jpeg
108-1086053_transparent-background-water-bottle-png-png-download.png,217,25,639,1182,1,full,unknown,water,Full  Water level/Full  Water level/108-1086053_transparent-background-water-bottle-png-png-download.png
11178-Different_types_of_water_facebook-1200x628-1-1200x628_39_11zon.jpeg,0,0,1200,628,1,full,unknown,water,Full  Water level/Full  Water level/11178-Different_types_of_water_facebook-1200x628-1-1200x628_39_11zon.jpeg
11178-Different_types_of_water_header-1296x728_25_11zon.jpeg,0,0,1296,728,1,full,unknown,water,Full  Water level/Full  Water level/11178-Different_types_of_water_header-1296x728_25_11zon.jpeg
11526496-two-blue-transparent-bottle-with-water-isolated-on-a-white-background_31_11zon.jpeg,96,136,395,1219,1,full,unknown,water,Full  Water level/Full  Water level/11526496-two-blue-transparent-bottle-with-water-isolated-on-a-white-background_31_11zon.jpeg
137-1370739_water-bottle-png-image-file-plastic-bottle-transparent.png,359,73,674,1132,1,full,unknown,water,Full  Water level/Full  Water level/137-1370739_water-bottle-png-image-file-plastic-bottle-transparent.png
148-1488904_transparent-raindrop-water-bottle-water-jug-transparent-background.png,226,25,685,830,1,full,unknown,water,Full  Water level/Full  Water level/148-1488904_transparent-raindrop-water-bottle-water-jug-transparent-background.png
16-167008_water-bottle-png-water-bottle-transparent-background-png.png,0,0,860,2401,1,full,unknown,water,Full  Water level/Full  Water level/16-167008_water-bottle-png-water-bottle-transparent-background-png.png
174367-2_2-bisleri-mineral-water_41_11zon.jpeg,0,0,900,900,1,full,unknown,water,Full  Water level/Full  Water level/174367-2_2-bisleri-mineral-water_41_11zon.jpeg
193-1932341_bottled-water-transparent-background-water-bottle-png-png.png,281,37,575,777,1,full,unknown,water,Full  Water level/Full  Water level/193-1932341_bottled-water-transparent-background-water-bottle-png-png.png
197351_4-bisleri-mineral-water_42_11zon.jpeg,180,7,319,490,1,full,unknown,water,Full  Water level/Full  Water level/197351_4-bisleri-mineral-water_42_11zon.jpeg
1m53DFql9XibM41BUVHW_4_11zon.jpeg,531,23,640,410,1,full,unknown,water,Full  Water level/Full  Water level/1m53DFql9XibM41BUVHW_4_11zon.jpeg
2008_0622SzentkirC3A1ly0110.JPG_24_11zon.jpeg,783,175,1515,2534,1,full,unknown,water,Full  Water level/Full  Water level/2008_0622SzentkirC3A1ly0110.JPG_24_11zon.jpeg
2008_0622SzentkirC3A1ly0110.JPG_24_11zon_1_11zon.jpeg,782,175,1515,2535,1,full,unknown,water,Full  Water level/Full  Water level/2008_0622SzentkirC3A1ly0110.JPG_24_11zon_1_11zon.jpeg
200ml-plastic-mineral-water-bottle-500x500_12_11zon.jpeg,169,4,336,498,1,full,unknown,water,Full  Water level/Full  Water level/200ml-plastic-mineral-water-bottle-500x500_12_11zon.jpeg
2011824010104_1_55_11zon.jpeg,288,145,746,1015,1,full,unknown,water,Full  Water level/Full  Water level/2011824010104_1_55_11zon.jpeg
2016-2_37_11zon.jpeg,101,125,309,431,1,full,unknown,water,Full  Water level/Full  Water level/2016-2_37_11zon.jpeg
204569_2-kinley-mineral-water_26_11zon.jpeg,143,20,288,484,1,full,unknown,water,Full  Water level/Full  Water level/204569_2-kinley-mineral-water_26_11zon.jpeg
212538-shutterstock1379350706-1_43_11zon.jpeg,826,69,1079,792,1,full,unknown,water,Full  Water level/Full  Water level/212538-shutterstock1379350706-1_43_11zon.jpeg
215-2151294_pattern-water-bottle-png-image-bottled-water-clip-art.png,15,36,826,1978,1,full,unknown,water,Full  Water level/Full  Water level/215-2151294_pattern-water-bottle-png-image-bottled-water-clip-art.png
242060-2_1-aquafina-packaged-drinking-water_44_11zon.jpeg,307,18,567,877,1,full,unknown,water,Full  Water level/Full  Water level/242060-2_1-aquafina-packaged-drinking-water_44_11zon.jpeg
2440.png,221,19,422,615,1,full,unknown,water,Full  Water level/Full  Water level/2440.png
250-ml-bisleri-water-bottle-500x500_13_11zon.jpeg,118,125,202,418,1,full,unknown,water,Full  Water level/Full  Water level/250-ml-bisleri-water-bottle-500x500_13_11zon.jpeg
251-2516276_bisleri-mineral-water-bottle.png,9,9,285,374,1,full,unknown,water,Full  Water level/Full  Water level/251-2516276_bisleri-mineral-water-bottle.png
251-2516276_bisleri-mineral-water-bottle_23_11zon.jpeg,0,0,820,881,1,full,unknown,water,Full  Water level/Full  Water level/251-2516276_bisleri-mineral-water-bottle_23_11zon.jpeg
265718_9-kinley-drinking-water-with-added-minerals_46_11zon.jpeg,220,38,481,900,1,full,unknown,water,Full  Water level/Full  Water level/265718_9-kinley-drinking-water-with-added-minerals_46_11zon.jpeg
265894-2_1-aquafina-packaged-drinking-water_27_11zon.jpeg,170,10,315,489,1,full,unknown,water,Full  Water level/Full  Water level/265894-2_1-aquafina-packaged-drinking-water_27_11zon.jpeg
29-293621_water-bottle-png-image-one-plastic-bottle.png,289,49,619,1004,1,full,unknown,water,Full  Water level/Full  Water level/29-293621_water-bottle-png-image-one-plastic-bottle.png
3-38514_free-png-free-png-plastic-water-bottle-png.png,307,42,513,660,1,full,unknown,water,Full  Water level/Full  Water level/3-38514_free-png-free-png-plastic-water-bottle-png.png
300-ml-rockstar-bisleri-water-bottle-500x500-500x500_28_11zon.jpeg,122,75,363,408,1,full,unknown,water,Full  Water level/Full  Water level/300-ml-rockstar-bisleri-water-bottle-500x500-500x500_28_11zon.jpeg
300ml-bisleri-mineral-water-bottle-500x500_25_11zon.jpeg,129,50,354,424,1,full,unknown,water,Full  Water level/Full  Water level/300ml-bisleri-mineral-water-bottle-500x500_25_11zon.jpeg
300ml-bisleri-water-500x500_14_11zon.jpeg,0,0,333,500,1,full,unknown,water,Full  Water level/Full  Water level/300ml-bisleri-water-500x500_14_11zon.jpeg
31Oc3kJvxaL_2_11zon.jpeg,212,13,288,258,1,full,unknown,water,Full  Water level/Full  Water level/31Oc3kJvxaL_2_11zon.jpeg
360_F_4525555_jOV1LfMBSqSrUfcqL1uJy2yDPS0Doe7O_15_11zon.jpeg,50,24,156,340,1,full,unknown,water,Full  Water level/Full  Water level/360_F_4525555_jOV1LfMBSqSrUfcqL1uJy2yDPS0Doe7O_15_11zon.jpeg
36646-6-dasani-water-bottle.png,325,4,589,787,1,full,unknown,water,Full  Water level/Full  Water level/36646-6-dasani-water-bottle.png
38-388502_water-images-free-pngs-bottle-png-transparent-background.png,0,0,860,1120,1,full,unknown,water,Full  Water level/Full  Water level/38-388502_water-images-free-pngs-bottle-png-transparent-background.png
39-393639_empty-water-bottle-png-transparent-png.png,0,0,860,1173,0,none,unknown,none,Full  Water level/Full  Water level/39-393639_empty-water-bottle-png-transparent-png.png
3KnPinofHaKaQDaeRov3Qg-1200-80_6_11zon.jpeg,2,152,652,585,1,full,unknown,water,Full  Water level/Full  Water level/3KnPinofHaKaQDaeRov3Qg-1200-80_6_11zon.jpeg
4-41984_aquafina-water-bottle-png-bisleri-mineral-water-2ltr.png,495,90,669,647,1,full,unknown,water,Full  Water level/Full  Water level/4-41984_aquafina-water-bottle-png-bisleri-mineral-water-2ltr.png
40176644-2_8-bb-home-leo-plastic-pet-water-bottle-light-blue-wide-mouth_32_11zon.jpeg,183,27,317,449,1,full,unknown,water,Full  Water level/Full  Water level/40176644-2_8-bb-home-leo-plastic-pet-water-bottle-light-blue-wide-mouth_32_11zon.jpeg
412087-2_1-bisleri-mineral-water_30_11zon.jpeg,170,6,331,485,1,full,unknown,water,Full  Water level/Full  Water level/412087-2_1-bisleri-mineral-water_30_11zon.jpeg
412087_1-bisleri-mineral-water_29_11zon.jpeg,293,5,605,891,1,full,unknown,water,Full  Water level/Full  Water level/412087_1-bisleri-mineral-water_29_11zon.jpeg
412087_1-bisleri-mineral-water_47_11zon.jpeg,293,5,605,891,1,full,unknown,water,Full  Water level/Full  Water level/412087_1-bisleri-mineral-water_47_11zon.jpeg
422-4224272_19-liter-water-bottle-png-transparent-png.png,218,46,425,492,1,full,unknown,water,Full  Water level/Full  Water level/422-4224272_19-liter-water-bottle-png-transparent-png.png
478-4784527_thumb-image-bisleri-water-bottle-500ml-price-hd.png,266,38,312,184,1,full,unknown,water,Full  Water level/Full  Water level/478-4784527_thumb-image-bisleri-water-bottle-500ml-price-hd.png
500-ml-bisleri-water-bottle-500x500_16_11zon.jpeg,193,59,309,446,1,full,unknown,water,Full  Water level/Full  Water level/500-ml-bisleri-water-bottle-500x500_16_11zon.jpeg
5233546650_83e1b54cbd_o_wide-8eedd32192c33d2396cfd48cfefdab7ea0066421-s1400-c100_37_11zon.jpeg,14,195,324,556,1,full,unknown,water,Full  Water level/Full  Water level/5233546650_83e1b54cbd_o_wide-8eedd32192c33d2396cfd48cfefdab7ea0066421-s1400-c100_37_11zon.jpeg
5233546650_83e1b54cbd_o_wide-8eedd32192c33d2396cfd48cfefdab7ea0066421-s1400-c100_53_11zon.jpeg,14,195,324,556,1,full,unknown,water,Full  Water level/Full  Water level/5233546650_83e1b54cbd_o_wide-8eedd32192c33d2396cfd48cfefdab7ea0066421-s1400-c100_53_11zon.jpeg
60040172_33_11zon.jpeg,0,0,450,468,1,full,unknown,water,Full  Water level/Full  Water level/60040172_33_11zon.jpeg
607071a26c99ed00014a1add.png,184,29,412,870,1,full,unknown,water,Full  Water level/Full  Water level/607071a26c99ed00014a1add.png
607edd61e8c88a000187af3b_18_11zon.jpeg,594,144,802,833,1,full,unknown,water,Full  Water level/Full  Water level/607edd61e8c88a000187af3b_18_11zon.jpeg
6138fH7lkaL._SL1200__38_11zon.jpeg,16,35,1193,1183,1,full,unknown,water,Full  Water level/Full  Water level/6138fH7lkaL._SL1200__38_11zon.jpeg
61KAmwTOrtL._SL1500__5_11zon.jpeg,519,156,983,1494,1,full,unknown,water,Full  Water level/Full  Water level/61KAmwTOrtL._SL1500__5_11zon.jpeg
61KAmwTOrtL._SX569_PIbundle-48TopRight00_AA569SH20__16_11zon.jpeg,197,60,373,566,1,full,unknown,water,Full  Water level/Full  Water level/61KAmwTOrtL._SX569_PIbundle-48TopRight00_AA569SH20__16_11zon.jpeg
61RQJt9jcS._SY550_PIbundle-12TopRight00_SX367SY550SH20__6_11zon.jpeg,120,50,247,479,1,full,unknown,water,Full  Water level/Full  Water level/61RQJt9jcS._SY550_PIbundle-12TopRight00_SX367SY550SH20__6_11zon.jpeg
61WoM42xNuL._SL1500__7_11zon.jpeg,0,0,506,1500,1,full,unknown,water,Full  Water level/Full  Water level/61WoM42xNuL._SL1500__7_11zon.jpeg
6d19d9a899ccf96773e77cd0ed028a3b.png,82,44,843,1044,1,full,unknown,water,Full  Water level/Full  Water level/6d19d9a899ccf96773e77cd0ed028a3b.png
77597665-blank-bottle-with-white-label-for-design-uses-isolated-transparent-background_35_11zon.jpeg,469,130,822,1181,1,full,unknown,water,Full  Water level/Full  Water level/77597665-blank-bottle-with-white-label-for-design-uses-isolated-transparent-background_35_11zon.jpeg
78788059_16_11zon.jpeg,223,191,460,1165,1,full,unknown,water,Full  Water level/Full  Water level/78788059_16_11zon.jpeg
85456788b030f0eb468174fe388d7c9a_36_11zon.jpeg,193,90,443,911,1,full,unknown,water,Full  Water level/Full  Water level/85456788b030f0eb468174fe388d7c9a_36_11zon.jpeg
9-99129_water-bottle-clipart-png.png,0,0,820,1165,1,full,unknown,water,Full  Water level/Full  Water level/9-99129_water-bottle-clipart-png.png
a-pure-water-bottle-on-transparent-background-vector-26292383_39_11zon.jpeg,0,0,1000,1028,1,full,unknown,water,Full  Water level/Full  Water level/a-pure-water-bottle-on-transparent-background-vector-26292383_39_11zon.jpeg
Add-a-subheading-23.png,188,90,322,477,1,full,unknown,water,Full  Water level/Full  Water level/Add-a-subheading-23.png
aquafina-water_40_11zon.jpeg,124,15,576,549,1,full,unknown,water,Full  Water level/Full  Water level/aquafina-water_40_11zon.jpeg
astic-clipping-path-disposable-container-on-white-background-isolated-P8EDF1_17_11zon.jpeg,267,77,592,1251,1,full,unknown,water,Full  Water level/Full  Water level/astic-clipping-path-disposable-container-on-white-background-isolated-P8EDF1_17_11zon.jpeg
b2a0f528baf4fb6e58d78973d3328d98_57_11zon.jpeg,127,178,368,976,1,full,unknown,water,Full  Water level/Full  Water level/b2a0f528baf4fb6e58d78973d3328d98_57_11zon.jpeg
b91e250fab79ac0266463ceab378d59b--small-bottles-mineral-water_42_11zon.jpeg,28,19,275,584,1,full,unknown,water,Full  Water level/Full  Water level/b91e250fab79ac0266463ceab378d59b--small-bottles-mineral-water_42_11zon.jpeg
banner-02-product.png,366,166,443,398,1,full,unknown,water,Full  Water level/Full  Water level/banner-02-product.png
banner-02-product_59_11zon.jpeg,366,166,442,398,1,full,unknown,water,Full  Water level/Full  Water level/banner-02-product_59_11zon.jpeg
benefits-of-drinking-from-glass-water-bottle-health_g_60_11zon.jpeg,217,19,1024,809,1,full,unknown,water,Full  Water level/Full  Water level/benefits-of-drinking-from-glass-water-bottle-health_g_60_11zon.jpeg
big-water-bottle-png-3.png,0,0,229,399,1,full,unknown,water,Full  Water level/Full  Water level/big-water-bottle-png-3.png
bislari-water_63_11zon.jpeg,189,3,327,505,1,full,unknown,water,Full  Water level/Full  Water level/bislari-water_63_11zon.jpeg
bisleri-1_71_11zon.jpeg,742,233,854,532,1,full,unknown,water,Full  Water level/Full  Water level/bisleri-1_71_11zon.jpeg
bisleri-250ml-48bottles_45_11zon.jpeg,202,87,313,409,1,full,unknown,water,Full  Water level/Full  Water level/bisleri-250ml-48bottles_45_11zon.jpeg
bisleri-300ml-glass-bottle-500x500_75_11zon.jpeg,161,163,258,490,1,full,unknown,water,Full  Water level/Full  Water level/bisleri-300ml-glass-bottle-500x500_75_11zon.jpeg
Bisleri-_-1-ltr-1-1-300x300.png,114,31,182,272,1,full,unknown,water,Full  Water level/Full  Water level/Bisleri-_-1-ltr-1-1-300x300.png
Bisleri-_-1-ltr-1-1_65_11zon.jpeg,236,63,377,561,1,full,unknown,water,Full  Water level/Full  Water level/Bisleri-_-1-ltr-1-1_65_11zon.jpeg
Bisleri-_-250ml-1-1.png,232,100,383,556,1,full,unknown,water,Full  Water level/Full  Water level/Bisleri-_-250ml-1-1.png
bisleri-box-bottle_77_11zon.jpeg,124,57,177,249,1,full,unknown,water,Full  Water level/Full  Water level/bisleri-box-bottle_77_11zon.jpeg
bisleri-fake-bottels_6113b98af2628_46_11zon.jpeg,230,26,387,446,1,full,unknown,water,Full  Water level/Full  Water level/bisleri-fake-bottels_6113b98af2628_46_11zon.jpeg
bisleri-mineral-water-06-01-21-4-219986630-to83b.png,166,89,290,546,1,full,unknown,water,Full  Water level/Full  Water level/bisleri-mineral-water-06-01-21-4-219986630-to83b.png
bisleri-mineral-water1l_79_11zon.jpeg,177,51,330,538,1,full,unknown,water,Full  Water level/Full  Water level/bisleri-mineral-water1l_79_11zon.jpeg
bisleri-packaged-drinking-water-250-ml-product-images-o490087986-p490087986-3-202203150247_81_11zon.jpeg,199,2,402,489,1,full,unknown,water,Full  Water level/Full  Water level/bisleri-packaged-drinking-water-250-ml-product-images-o490087986-p490087986-3-202203150247_81_11zon.jpeg
bisleri-packaged-drinking-water-500-ml-product-images-o490007752-p490007752-0-202203170614_82_11zon.jpeg,126,13,308,593,1,full,unknown,water,Full  Water level/Full  Water level/bisleri-packaged-drinking-water-500-ml-product-images-o490007752-p490007752-0-202203170614_82_11zon.jpeg
Bisleri-Rockstar-Drinking-Water-300-ml_48_11zon.jpeg,149,100,338,377,1,full,unknown,water,Full  Water level/Full  Water level/Bisleri-Rockstar-Drinking-Water-300-ml_48_11zon.jpeg
bisleri-rockstar_47_11zon.jpeg,0,0,681,400,1,full,unknown,water,Full  Water level/Full  Water level/bisleri-rockstar_47_11zon.jpeg
bisleri-water_49_11zon.jpeg,527,71,645,479,1,full,unknown,water,Full  Water level/Full  Water level/bisleri-water_49_11zon.jpeg
Bisleri_1ltr_Tamil.png,18,9,523,1838,1,full,unknown,water,Full  Water level/Full  Water level/Bisleri_1ltr_Tamil.png
Bisleri_43_11zon.jpeg,757,23,971,687,1,full,unknown,water,Full  Water level/Full  Water level/Bisleri_43_11zon.jpeg
bisleri_500ml_mineral_water_bottle.png,76,61,118,226,1,full,unknown,water,Full  Water level/Full  Water level/bisleri_500ml_mineral_water_bottle.png
bottled-water-bottle-plastic-grocery-store-1200x628-facebook_87_11zon.jpeg,130,273,323,623,1,full,unknown,water,Full  Water level/Full  Water level/bottled-water-bottle-plastic-grocery-store-1200x628-facebook_87_11zon.jpeg
bottled-water-bottle-plastic-grocery-store-1296x728-header-1296x728_52_11zon.jpeg,142,300,351,727,1,full,unknown,water,Full  Water level/Full  Water level/bottled-water-bottle-plastic-grocery-store-1296x728-header-1296x728_52_11zon.jpeg
brand-bisleri-spotlight-03_89_11zon.jpeg,350,49,563,580,1,full,unknown,water,Full  Water level/Full  Water level/brand-bisleri-spotlight-03_89_11zon.jpeg
Bvvvi_33_11zon.jpeg,334,98,615,903,1,full,unknown,water,Full  Water level/Full  Water level/Bvvvi_33_11zon.jpeg
cartoon-plastic-water-bottle-clip-art-vector_csp94674262_54_11zon.jpeg,0,0,212,519,1,full,unknown,water,Full  Water level/Full  Water level/cartoon-plastic-water-bottle-clip-art-vector_csp94674262_54_11zon.jpeg
CERAMIC-STOPPERS6954-1-1_90_11zon.jpeg,1197,109,1404,897,1,full,unknown,water,Full  Water level/Full  Water level/CERAMIC-STOPPERS6954-1-1_90_11zon.jpeg
claier-water-2142375323-2nhalo94_55_11zon.jpeg,189,112,418,754,1,full,unknown,water,Full  Water level/Full  Water level/claier-water-2142375323-2nhalo94_55_11zon.jpeg
close-up-detail-of-buxton-natural-mineral-water-bottle-and-label-2BJCP6X_57_11zon.jpeg,0,2,548,1283,1,full,unknown,water,Full  Water level/Full  Water level/close-up-detail-of-buxton-natural-mineral-water-bottle-and-label-2BJCP6X_57_11zon.jpeg
cLv94w2ivY_Bisleri20Packaged20Drinking20Water_58_11zon.jpeg,0,0,600,600,1,full,unknown,water,Full  Water level/Full  Water level/cLv94w2ivY_Bisleri20Packaged20Drinking20Water_58_11zon.jpeg
Custom-Logo-Beer-Bottles-Sport-Water-Glass-Clear-Drink-Water-Bottle-Aesthetic-Glass-Water-Bottle_59_11zon.jpeg,225,62,353,344,1,full,unknown,water,Full  Water level/Full  Water level/Custom-Logo-Beer-Bottles-Sport-Water-Glass-Clear-Drink-Water-Bottle-Aesthetic-Glass-Water-Bottle_59_11zon.jpeg
d-blue-cap-healthy-drink-collection-of-plastic-bottle-with-full-liquid-photo2_62_11zon.jpeg,1021,300,1403,1843,1,full,unknown,water,Full  Water level/Full  Water level/d-blue-cap-healthy-drink-collection-of-plastic-bottle-with-full-liquid-photo2_62_11zon.jpeg
d-blue-cap-healthy-drink-collection-of-plastic-bottle-with-full-liquid-photo_61_11zon.jpeg,786,277,895,619,1,full,unknown,water,Full  Water level/Full  Water level/d-blue-cap-healthy-drink-collection-of-plastic-bottle-with-full-liquid-photo_61_11zon.jpeg
d-image-plastic-water-bottle-blank-background-vector-illustration_1284-67608_64_11zon.jpeg,136,55,290,392,1,full,unknown,water,Full  Water level/Full  Water level/d-image-plastic-water-bottle-blank-background-vector-illustration_1284-67608_64_11zon.jpeg
depositphotos_390364646-stock-photo-small-bottle-of-mineral-water_63_11zon.jpeg,259,119,711,1564,1,full,unknown,water,Full  Water level/Full  Water level/depositphotos_390364646-stock-photo-small-bottle-of-mineral-water_63_11zon.jpeg
depositphotos_390364646-stock-photo-small-bottle-of-mineral-water_63_11zon_2_11zon.jpeg,259,118,711,1564,1,full,unknown,water,Full  Water level/Full  Water level/depositphotos_390364646-stock-photo-small-bottle-of-mineral-water_63_11zon_2_11zon.jpeg
Dino-mobile-banner_91_11zon.jpeg,49,285,150,608,1,full,unknown,water,Full  Water level/Full  Water level/Dino-mobile-banner_91_11zon.jpeg
disposable-transparent-plastic-mineral-water-bottle-mockup_47987-4284_65_11zon.jpeg,0,0,626,470,1,full,unknown,water,Full  Water level/Full  Water level/disposable-transparent-plastic-mineral-water-bottle-mockup_47987-4284_65_11zon.jpeg
download (17)_93_11zon.jpeg,144,1,193,165,1,full,unknown,water,Full  Water level/Full  Water level/download (17)_93_11zon.jpeg
download (19)_94_11zon.jpeg,180,9,228,100,1,full,unknown,water,Full  Water level/Full  Water level/download (19)_94_11zon.jpeg
download (8)_92_11zon.jpeg,0,0,224,225,1,full,unknown,water,Full  Water level/Full  Water level/download (8)_92_11zon.jpeg
drink-water-beverage-bottle-transparent-png.png,337,106,617,895,1,full,unknown,water,Full  Water level/Full  Water level/drink-water-beverage-bottle-transparent-png.png
drinking-water-bottle-png-7.png,0,0,320,320,1,full,unknown,water,Full  Water level/Full  Water level/drinking-water-bottle-png-7.png
empty-clear-drinking-water-bottle-studio-shot-isolated-on-white-background-J7YDN2_66_11zon.jpeg,494,226,803,1279,0,none,unknown,none,Full  Water level/Full  Water level/empty-clear-drinking-water-bottle-studio-shot-isolated-on-white-background-J7YDN2_66_11zon.jpeg
er-beneficial-for-the-brain-and-can-help-improve-cognitive-function-368-w300_97_11zon.jpeg,88,59,214,269,1,full,unknown,water,Full  Water level/Full  Water level/er-beneficial-for-the-brain-and-can-help-improve-cognitive-function-368-w300_97_11zon.jpeg
FExdg_zVEAcs2Fz_101_11zon.jpeg,971,137,1094,587,1,full,unknown,water,Full  Water level/Full  Water level/FExdg_zVEAcs2Fz_101_11zon.jpeg
filled-mineral-water-bottle-500x500_102_11zon.jpeg,176,15,313,476,1,full,unknown,water,Full  Water level/Full  Water level/filled-mineral-water-bottle-500x500_102_11zon.jpeg
filled-mineral-water-bottle-500x500_102_11zon_3_11zon.jpeg,176,14,313,476,1,full,unknown,water,Full  Water level/Full  Water level/filled-mineral-water-bottle-500x500_102_11zon_3_11zon.jpeg
fO4Ttp-water-bottle-vector.png,96,56,293,586,1,full,unknown,water,Full  Water level/Full  Water level/fO4Ttp-water-bottle-vector.png
focused_163007552-stock-photo-row-transparent-water-bottles-white_69_11zon.jpeg,60,217,635,1753,1,full,unknown,water,Full  Water level/Full  Water level/focused_163007552-stock-photo-row-transparent-water-bottles-white_69_11zon.jpeg
forbes-water-bottle-shifting-grounds-nature-5.png,223,91,390,600,1,full,unknown,water,Full  Water level/Full  Water level/forbes-water-bottle-shifting-grounds-nature-5.png
free-png-plastic-water-bottle-png-11519803083hnhiljypmg.png,272,17,567,859,1,full,unknown,water,Full  Water level/Full  Water level/free-png-plastic-water-bottle-png-11519803083hnhiljypmg.png
front-view-of-big-plastic-water-bottle-with-blank-label-ioslated-on-HC3GTA_70_11zon.jpeg,180,126,653,1160,1,full,unknown,water,Full  Water level/Full  Water level/front-view-of-big-plastic-water-bottle-with-blank-label-ioslated-on-HC3GTA_70_11zon.jpeg
g-water-transparent-vector-illustration-isolated-on-white-background-2DTWCP0_71_11zon.jpeg,906,267,1171,1128,1,full,unknown,water,Full  Water level/Full  Water level/g-water-transparent-vector-illustration-isolated-on-white-background-2DTWCP0_71_11zon.jpeg
GettyImages-84588407-f290ded_104_11zon.jpeg,490,10,663,522,1,full,unknown,water,Full  Water level/Full  Water level/GettyImages-84588407-f290ded_104_11zon.jpeg
H3025331bc6ea44cb920d05cfcfac92f7x_72_11zon.jpeg,468,192,648,928,1,full,unknown,water,Full  Water level/Full  Water level/H3025331bc6ea44cb920d05cfcfac92f7x_72_11zon.jpeg
hd-hand-holding-water-plastic-bottle-png-31625532532xqlew4dnsf.png,162,6,363,389,1,full,unknown,water,Full  Water level/Full  Water level/hd-hand-holding-water-plastic-bottle-png-31625532532xqlew4dnsf.png
Hd6e5a8bef9e94fd4b5ad9fc7b693ed84n_73_11zon.jpeg,249,163,405,596,1,full,unknown,water,Full  Water level/Full  Water level/Hd6e5a8bef9e94fd4b5ad9fc7b693ed84n_73_11zon.jpeg
ill-water-transparent-bottle-still-water-isolated-white-background-154615392_74_11zon.jpeg,99,49,320,846,1,full,unknown,water,Full  Water level/Full  Water level/ill-water-transparent-bottle-still-water-isolated-white-background-154615392_74_11zon.jpeg
image19.jpeg,0,0,139,362,1,full,unknown,water,Full  Water level/Full  Water level/image19.jpeg
images (1)_117_11zon.jpeg,66,15,143,222,1,full,unknown,water,Full  Water level/Full  Water level/images (1)_117_11zon.jpeg
images (10)_120_11zon.jpeg,129,23,170,108,1,full,unknown,water,Full  Water level/Full  Water level/images (10)_120_11zon.jpeg
images (11)_121_11zon.jpeg,92,22,147,202,1,full,unknown,water,Full  Water level/Full  Water level/images (11)_121_11zon.jpeg
images (12)_122_11zon.jpeg,101,22,146,167,1,full,unknown,water,Full  Water level/Full  Water level/images (12)_122_11zon.jpeg
images (13)_123_11zon.jpeg,4,47,249,137,1,full,unknown,water,Full  Water level/Full  Water level/images (13)_123_11zon.jpeg
images (14)_124_11zon.jpeg,0,0,225,225,1,full,unknown,water,Full  Water level/Full  Water level/images (14)_124_11zon.jpeg
images (18)_125_11zon.jpeg,158,35,201,204,1,full,unknown,water,Full  Water level/Full  Water level/images (18)_125_11zon.jpeg
images (19)_126_11zon.jpeg,100,2,152,176,1,full,unknown,water,Full  Water level/Full  Water level/images (19)_126_11zon.jpeg
images (2)_118_11zon.jpeg,192,51,229,139,1,full,unknown,water,Full  Water level/Full  Water level/images (2)_118_11zon.jpeg
images (21)_127_11zon.jpeg,0,0,225,225,1,full,unknown,water,Full  Water level/Full  Water level/images (21)_127_11zon.jpeg
images (22)_128_11zon.jpeg,162,9,204,178,1,full,unknown,water,Full  Water level/Full  Water level/images (22)_128_11zon.jpeg
images (4)_119_11zon.jpeg,122,23,174,220,1,full,unknown,water,Full  Water level/Full  Water level/images (4)_119_11zon.jpeg
images111_199_11zon.jpeg,130,4,168,143,1,full,unknown,water,Full  Water level/Full  Water level/images111_199_11zon.jpeg
images119_203_11zon.jpeg,0,0,221,228,1,full,unknown,water,Full  Water level/Full  Water level/images119_203_11zon.jpeg
images120_204_11zon.jpeg,0,0,262,192,1,full,unknown,water,Full  Water level/Full  Water level/images120_204_11zon.jpeg
images123_207_11zon.jpeg,86,55,144,218,1,full,unknown,water,Full  Water level/Full  Water level/images123_207_11zon.jpeg
images127_210_11zon.jpeg,66,51,113,187,1,full,unknown,water,Full  Water level/Full  Water level/images127_210_11zon.jpeg
images132_213_11zon.jpeg,19,80,116,353,1,full,unknown,water,Full  Water level/Full  Water level/images132_213_11zon.jpeg
images134_215_11zon.jpeg,32,38,145,231,1,full,unknown,water,Full  Water level/Full  Water level/images134_215_11zon.jpeg
images135_216_11zon.jpeg,61,51,163,216,1,full,unknown,water,Full  Water level/Full  Water level/images135_216_11zon.jpeg
images167_237_11zon.jpeg,48,8,157,202,1,full,unknown,water,Full  Water level/Full  Water level/images167_237_11zon.jpeg
images169_238_11zon.jpeg,0,0,225,225,1,full,unknown,water,Full  Water level/Full  Water level/images169_238_11zon.jpeg
images170_239_11zon.jpeg,75,121,101,183,1,full,unknown,water,Full  Water level/Full  Water level/images170_239_11zon.jpeg
images174_241_11zon.jpeg,149,2,213,187,1,full,unknown,water,Full  Water level/Full  Water level/images174_241_11zon.jpeg
images177_242_11zon.jpeg,13,39,137,287,1,full,unknown,water,Full  Water level/Full  Water level/images177_242_11zon.jpeg
images188_250_11zon.jpeg,188,12,248,180,1,full,unknown,water,Full  Water level/Full  Water level/images188_250_11zon.jpeg
images18_137_11zon.jpeg,48,35,98,160,1,full,unknown,water,Full  Water level/Full  Water level/images18_137_11zon.jpeg
images190_251_11zon.jpeg,88,44,136,213,1,full,unknown,water,Full  Water level/Full  Water level/images190_251_11zon.jpeg
images190_79_11zon.jpeg,35,9,186,229,1,full,unknown,water,Full  Water level/Full  Water level/images190_79_11zon.jpeg
images197_254_11zon.jpeg,77,13,131,182,1,full,unknown,water,Full  Water level/Full  Water level/images197_254_11zon.jpeg
images198_255_11zon.jpeg,56,34,102,135,1,full,unknown,water,Full  Water level/Full  Water level/images198_255_11zon.jpeg
images213_262_11zon.jpeg,231,33,262,141,1,full,unknown,water,Full  Water level/Full  Water level/images213_262_11zon.jpeg
images219_265_11zon.jpeg,0,0,262,192,1,full,unknown,water,Full  Water level/Full  Water level/images219_265_11zon.jpeg
images222_267_11zon.jpeg,81,63,174,202,1,full,unknown,water,Full  Water level/Full  Water level/images222_267_11zon.jpeg
images223_268_11zon.jpeg,46,36,89,60,1,full,unknown,water,Full  Water level/Full  Water level/images223_268_11zon.jpeg
images229_271_11zon.jpeg,126,22,180,106,1,full,unknown,water,Full  Water level/Full  Water level/images229_271_11zon.jpeg
images235_274_11zon.jpeg,62,64,100,198,1,full,unknown,water,Full  Water level/Full  Water level/images235_274_11zon.jpeg
images250_284_11zon.jpeg,0,1,130,383,1,full,unknown,water,Full  Water level/Full  Water level/images250_284_11zon.jpeg
images259_287_11zon.jpeg,83,5,159,283,1,full,unknown,water,Full  Water level/Full  Water level/images259_287_11zon.jpeg
images26_144_11zon.jpeg,3,3,112,400,1,full,unknown,water,Full  Water level/Full  Water level/images26_144_11zon.jpeg
images271_296_11zon.jpeg,224,13,275,134,1,full,unknown,water,Full  Water level/Full  Water level/images271_296_11zon.jpeg
images275_297_11zon.jpeg,9,39,55,128,1,full,unknown,water,Full  Water level/Full  Water level/images275_297_11zon.jpeg
images276_298_11zon.jpeg,70,34,121,183,1,full,unknown,water,Full  Water level/Full  Water level/images276_298_11zon.jpeg
images277_299_11zon.jpeg,0,0,190,266,1,full,unknown,water,Full  Water level/Full  Water level/images277_299_11zon.jpeg
images278_300_11zon.jpeg,87,38,139,213,1,full,unknown,water,Full  Water level/Full  Water level/images278_300_11zon.jpeg
images27_76_11zon.jpeg,0,1,106,187,1,full,unknown,water,Full  Water level/Full  Water level/images27_76_11zon.jpeg
images282_303_11zon.jpeg,96,41,149,195,1,full,unknown,water,Full  Water level/Full  Water level/images282_303_11zon.jpeg
images293_308_11zon.jpeg,59,0,136,99,1,full,unknown,water,Full  Water level/Full  Water level/images293_308_11zon.jpeg
images296_311_11zon.jpeg,24,1,144,257,1,full,unknown,water,Full  Water level/Full  Water level/images296_311_11zon.jpeg
images2_129_11zon.jpeg,128,142,207,191,1,full,unknown,water,Full  Water level/Full  Water level/images2_129_11zon.jpeg
images312_322_11zon.jpeg,5,37,64,277,1,full,unknown,water,Full  Water level/Full  Water level/images312_322_11zon.jpeg
images318_325_11zon.jpeg,1,3,271,182,1,full,unknown,water,Full  Water level/Full  Water level/images318_325_11zon.jpeg
images322_327_11zon.jpeg,79,27,145,130,1,full,unknown,water,Full  Water level/Full  Water level/images322_327_11zon.jpeg
images32_148_11zon.jpeg,18,117,62,267,1,full,unknown,water,Full  Water level/Full  Water level/images32_148_11zon.jpeg
images332_334_11zon.jpeg,3,6,225,225,1,full,unknown,water,Full  Water level/Full  Water level/images332_334_11zon.jpeg
images333_335_11zon.jpeg,95,22,143,161,1,full,unknown,water,Full  Water level/Full  Water level/images333_335_11zon.jpeg
images334_336_11zon.jpeg,166,74,200,175,1,full,unknown,water,Full  Water level/Full  Water level/images334_336_11zon.jpeg
images341_340_11zon.jpeg,23,189,64,259,1,full,unknown,water,Full  Water level/Full  Water level/images341_340_11zon.jpeg
images343_342_11zon.jpeg,108,15,174,176,1,full,unknown,water,Full  Water level/Full  Water level/images343_342_11zon.jpeg
images345_343_11zon.jpeg,190,28,232,140,1,full,unknown,water,Full  Water level/Full  Water level/images345_343_11zon.jpeg
images347_345_11zon.jpeg,187,23,215,129,1,full,unknown,water,Full  Water level/Full  Water level/images347_345_11zon.jpeg
images353_349_11zon.jpeg,8,99,177,246,1,full,unknown,water,Full  Water level/Full  Water level/images353_349_11zon.jpeg
images356_351_11zon.jpeg,175,105,219,182,1,full,unknown,water,Full  Water level/Full  Water level/images356_351_11zon.jpeg
images360_354_11zon.jpeg,0,0,293,172,1,full,unknown,water,Full  Water level/Full  Water level/images360_354_11zon.jpeg
images367_358_11zon.jpeg,20,2,122,312,1,full,unknown,water,Full  Water level/Full  Water level/images367_358_11zon.jpeg
images373_362_11zon.jpeg,0,121,90,271,1,full,unknown,water,Full  Water level/Full  Water level/images373_362_11zon.jpeg
images374_363_11zon.jpeg,55,1,253,188,1,full,unknown,water,Full  Water level/Full  Water level/images374_363_11zon.jpeg
images375_364_11zon.jpeg,104,33,160,185,1,full,unknown,water,Full  Water level/Full  Water level/images375_364_11zon.jpeg
images381_367_11zon.jpeg,1,51,77,178,1,full,unknown,water,Full  Water level/Full  Water level/images381_367_11zon.jpeg
images38_152_11zon.jpeg,79,0,134,173,1,full,unknown,water,Full  Water level/Full  Water level/images38_152_11zon.jpeg
images397_378_11zon.jpeg,171,52,220,164,1,full,unknown,water,Full  Water level/Full  Water level/images397_378_11zon.jpeg
images398_379_11zon.jpeg,155,50,188,192,1,full,unknown,water,Full  Water level/Full  Water level/images398_379_11zon.jpeg
images399_380_11zon.jpeg,97,23,146,191,1,full,unknown,water,Full  Water level/Full  Water level/images399_380_11zon.jpeg
images407_384_11zon.jpeg,18,170,50,272,1,full,unknown,water,Full  Water level/Full  Water level/images407_384_11zon.jpeg
images430_395_11zon.jpeg,0,0,286,176,1,full,unknown,water,Full  Water level/Full  Water level/images430_395_11zon.jpeg
images435_398_11zon.jpeg,64,130,123,222,1,full,unknown,water,Full  Water level/Full  Water level/images435_398_11zon.jpeg
images438_401_11zon.jpeg,183,16,262,190,1,full,unknown,water,Full  Water level/Full  Water level/images438_401_11zon.jpeg
images444_404_11zon.jpeg,111,55,168,260,1,full,unknown,water,Full  Water level/Full  Water level/images444_404_11zon.jpeg
images44_157_11zon.jpeg,73,7,121,169,1,full,unknown,water,Full  Water level/Full  Water level/images44_157_11zon.jpeg
images483_423_11zon.jpeg,116,2,185,179,1,full,unknown,water,Full  Water level/Full  Water level/images483_423_11zon.jpeg
images487_425_11zon.jpeg,5,208,58,265,1,full,unknown,water,Full  Water level/Full  Water level/images487_425_11zon.jpeg
images48_161_11zon.jpeg,167,46,204,155,1,full,unknown,water,Full  Water level/Full  Water level/images48_161_11zon.jpeg
images49_162_11zon.jpeg,113,34,165,220,1,full,unknown,water,Full  Water level/Full  Water level/images49_162_11zon.jpeg
images527_449_11zon.jpeg,65,14,128,217,1,full,unknown,water,Full  Water level/Full  Water level/images527_449_11zon.jpeg
images52_163_11zon.jpeg,13,70,64,166,1,full,unknown,water,Full  Water level/Full  Water level/images52_163_11zon.jpeg
images569_472_11zon.jpeg,89,7,300,165,1,full,unknown,water,Full  Water level/Full  Water level/images569_472_11zon.jpeg
images56_77_11zon.jpeg,175,16,222,188,1,full,unknown,water,Full  Water level/Full  Water level/images56_77_11zon.jpeg
images5_131_11zon.jpeg,199,58,252,165,1,full,unknown,water,Full  Water level/Full  Water level/images5_131_11zon.jpeg
images63_168_11zon.jpeg,55,75,91,166,1,full,unknown,water,Full  Water level/Full  Water level/images63_168_11zon.jpeg
images65_169_11zon.jpeg,114,11,181,170,1,full,unknown,water,Full  Water level/Full  Water level/images65_169_11zon.jpeg
images66_170_11zon.jpeg,20,91,49,196,1,full,unknown,water,Full  Water level/Full  Water level/images66_170_11zon.jpeg
images73_175_11zon.jpeg,47,3,116,223,1,full,unknown,water,Full  Water level/Full  Water level/images73_175_11zon.jpeg
images77_178_11zon.jpeg,128,3,174,166,1,full,unknown,water,Full  Water level/Full  Water level/images77_178_11zon.jpeg
images7_132_11zon.jpeg,171,2,212,191,1,full,unknown,water,Full  Water level/Full  Water level/images7_132_11zon.jpeg
images98_191_11zon.jpeg,7,56,70,167,1,full,unknown,water,Full  Water level/Full  Water level/images98_191_11zon.jpeg
IMG20221210152610_4_11zon.jpeg,599,503,1398,3616,1,full,unknown,water,Full  Water level/Full  Water level/IMG20221210152610_4_11zon.jpeg
IMG20221210152612_5_11zon.jpeg,571,441,1376,3510,1,full,unknown,water,Full  Water level/Full  Water level/IMG20221210152612_5_11zon.jpeg
IMG20221226130625_6_11zon.jpeg,692,1017,1313,3265,1,full,unknown,water,Full  Water level/Full  Water level/IMG20221226130625_6_11zon.jpeg
IMG20221226130626_7_11zon.jpeg,741,958,1361,3191,1,full,unknown,water,Full  Water level/Full  Water level/IMG20221226130626_7_11zon.jpeg
IMG20221226130635_8_11zon.jpeg,642,424,1372,3160,1,full,unknown,water,Full  Water level/Full  Water level/IMG20221226130635_8_11zon.jpeg
IMG20221226130925_9_11zon.jpeg,359,2957,2013,4477,1,full,unknown,water,Full  Water level/Full  Water level/IMG20221226130925_9_11zon.jpeg
IMG20221226130928_10_11zon.jpeg,422,2912,2014,4479,1,full,unknown,water,Full  Water level/Full  Water level/IMG20221226130928_10_11zon.jpeg
INbQDDgavbLjLXAcTiZU_478_11zon.jpeg,426,26,564,507,1,full,unknown,water,Full  Water level/Full  Water level/INbQDDgavbLjLXAcTiZU_478_11zon.jpeg
jaipur-rajasthan-india-october-18-260nw-1838387299_479_11zon.jpeg,141,35,181,153,1,full,unknown,water,Full  Water level/Full  Water level/jaipur-rajasthan-india-october-18-260nw-1838387299_479_11zon.jpeg
kingfisher-250ml-250x250.png,88,10,164,235,1,full,unknown,water,Full  Water level/Full  Water level/kingfisher-250ml-250x250.png
Lapaas-Multicolour-Water-Bottle-Pack-SDL053428366-1-854e7.jpeg,26,17,267,902,1,full,unknown,water,Full  Water level/Full  Water level/Lapaas-Multicolour-Water-Bottle-Pack-SDL053428366-1-854e7.jpeg
lastic-water-bottle-black-and-white-isolated-white-background-for-1700327974_81_11zon.jpeg,319,75,688,1326,1,full,unknown,water,Full  Water level/Full  Water level/lastic-water-bottle-black-and-white-isolated-white-background-for-1700327974_81_11zon.jpeg
le-is-placed-on-dining-table-with-2-glasses-udaipur-india-march-2020-2B7TJWH_482_11zon.jpeg,357,40,602,831,1,full,unknown,water,Full  Water level/Full  Water level/le-is-placed-on-dining-table-with-2-glasses-udaipur-india-march-2020-2B7TJWH_482_11zon.jpeg
ll-object-bluer-classic-water-bottle-with-cap-container-for-drink-beverage-l_83_11zon.jpeg,207,183,585,1152,1,full,unknown,water,Full  Water level/Full  Water level/ll-object-bluer-classic-water-bottle-with-cap-container-for-drink-beverage-l_83_11zon.jpeg
Microplastics-found-in-Nestle-and-Danone-bottled-waters_488_11zon.jpeg,0,0,750,500,0,none,unknown,none,Full  Water level/Full  Water level/Microplastics-found-in-Nestle-and-Danone-bottled-waters_488_11zon.jpeg
n1zIMv-water-bottle-on-hands-photos.png,126,27,281,327,1,full,unknown,water,Full  Water level/Full  Water level/n1zIMv-water-bottle-on-hands-photos.png
Numbers_Behind_Water_Bottles2_099693d4-be78-45e8-bc4c-007319ffe0ac_1024x1024_493_11zon.jpeg,414,294,568,433,1,full,unknown,water,Full  Water level/Full  Water level/Numbers_Behind_Water_Bottles2_099693d4-be78-45e8-bc4c-007319ffe0ac_1024x1024_493_11zon.jpeg
o02MbFGeigvAvJ38657f_84_11zon.jpeg,97,96,262,369,1,full,unknown,water,Full  Water level/Full  Water level/o02MbFGeigvAvJ38657f_84_11zon.jpeg
our-brands-bisleri-bottle-new.png,41,282,150,612,1,full,unknown,water,Full  Water level/Full  Water level/our-brands-bisleri-bottle-new.png
packaged-mineral-water-bottle-500x500_86_11zon.jpeg,304,149,388,458,1,full,unknown,water,Full  Water level/Full  Water level/packaged-mineral-water-bottle-500x500_86_11zon.jpeg
packaged-water-pepsico-coca-cola-bisleri-have-valid-license_499_11zon.jpeg,535,271,697,883,1,full,unknown,water,Full  Water level/Full  Water level/packaged-water-pepsico-coca-cola-bisleri-have-valid-license_499_11zon.jpeg
pakaged-drinking-water-960x635_87_11zon.jpeg,283,64,410,466,1,full,unknown,water,Full  Water level/Full  Water level/pakaged-drinking-water-960x635_87_11zon.jpeg
pet-water-bottle-1516451477-3595902_501_11zon.jpeg,99,59,208,346,1,full,unknown,water,Full  Water level/Full  Water level/pet-water-bottle-1516451477-3595902_501_11zon.jpeg
Plastic-bottle-of-drinking-water-isolated-on-transparent-background-PNG.png,18,18,472,1497,1,full,unknown,water,Full  Water level/Full  Water level/Plastic-bottle-of-drinking-water-isolated-on-transparent-background-PNG.png
plastic-bottle-water-isolated-white-background_185193-89223_63_11zon.jpeg,246,49,381,370,1,full,unknown,water,Full  Water level/Full  Water level/plastic-bottle-water-isolated-white-background_185193-89223_63_11zon.jpeg
plastic-bottle-with-mineral-water-on-eps-vector_csp55752343_88_11zon.jpeg,179,35,317,466,1,full,unknown,water,Full  Water level/Full  Water level/plastic-bottle-with-mineral-water-on-eps-vector_csp55752343_88_11zon.jpeg
plastics-water-bottle-500x500_502_11zon.jpeg,151,37,301,460,1,full,unknown,water,Full  Water level/Full  Water level/plastics-water-bottle-500x500_502_11zon.jpeg
prod-20220126-1301495440442809749765815-jpg-500x500_505_11zon.jpeg,0,0,500,500,1,full,unknown,water,Full  Water level/Full  Water level/prod-20220126-1301495440442809749765815-jpg-500x500_505_11zon.jpeg
product-jpeg-500x500.jpeg,187,25,306,404,1,full,unknown,water,Full  Water level/Full  Water level/product-jpeg-500x500.jpeg
purified-mineral-water-bottle-500x500_89_11zon.jpeg,254,41,350,453,1,full,unknown,water,Full  Water level/Full  Water level/purified-mineral-water-bottle-500x500_89_11zon.jpeg
QlX56rZcNalfxW4SNKcT_90_11zon.jpeg,0,0,642,692,1,full,unknown,water,Full  Water level/Full  Water level/QlX56rZcNalfxW4SNKcT_90_11zon.jpeg
r-close-up-white-background-open-plastic-transparent-bottle-filled-203494651_92_11zon.jpeg,161,105,427,814,1,full,unknown,water,Full  Water level/Full  Water level/r-close-up-white-background-open-plastic-transparent-bottle-filled-203494651_92_11zon.jpeg
ration-banner-small-drinking-plastic-bottle-water-with-splash-dr_134830-1308_91_11zon.jpeg,144,70,249,406,1,full,unknown,water,Full  Water level/Full  Water level/ration-banner-small-drinking-plastic-bottle-water-with-splash-dr_134830-1308_91_11zon.jpeg
rbonated-water-water-body-plastic-bottle-drinking-water-pepsi-bottling-group.png,0,0,920,861,1,full,unknown,water,Full  Water level/Full  Water level/rbonated-water-water-body-plastic-bottle-drinking-water-pepsi-bottling-group.png
saaral-mineral-drinking-water-packed-in-small-sized-plastic-bottles-792_93_11zon.jpeg,136,167,213,364,1,full,unknown,water,Full  Water level/Full  Water level/saaral-mineral-drinking-water-packed-in-small-sized-plastic-bottles-792_93_11zon.jpeg
saaral-mineral-drinking-water-packed-in-small-sized-plastic-bottles-792_93_11zon_11_11zon.jpeg,136,167,213,364,1,full,unknown,water,Full  Water level/Full  Water level/saaral-mineral-drinking-water-packed-in-small-sized-plastic-bottles-792_93_11zon_11_11zon.jpeg
set-plastic-water-bottles-on-260nw-1905035554_509_11zon.jpeg,205,15,273,248,1,full,unknown,water,Full  Water level/Full  Water level/set-plastic-water-bottles-on-260nw-1905035554_509_11zon.jpeg
Side-Tata-copper-water-800x783_94_11zon.jpeg,354,70,545,681,1,full,unknown,water,Full  Water level/Full  Water level/Side-Tata-copper-water-800x783_94_11zon.jpeg
small-bottle-mineral-water-plastic-isolated-white_93675-87066_95_11zon.jpeg,116,39,283,608,1,full,unknown,water,Full  Water level/Full  Water level/small-bottle-mineral-water-plastic-isolated-white_93675-87066_95_11zon.jpeg
small-bottle-mineral-water-plastic-isolated-white_93675-88200_96_11zon.jpeg,90,65,327,606,1,full,unknown,water,Full  Water level/Full  Water level/small-bottle-mineral-water-plastic-isolated-white_93675-88200_96_11zon.jpeg
Small-bottle-of-mineral-water-in-plastic-isolated-on-transparent-background-PNG.png,182,77,420,864,1,full,unknown,water,Full  Water level/Full  Water level/Small-bottle-of-mineral-water-in-plastic-isolated-on-transparent-background-PNG.png
small-water-bottle-clear-drinking-cold-stock-photo_csp51910427_97_11zon.jpeg,26,18,175,480,1,full,unknown,water,Full  Water level/Full  Water level/small-water-bottle-clear-drinking-cold-stock-photo_csp51910427_97_11zon.jpeg
speed-water-bottle-1-liter-390-w300_98_11zon.jpeg,58,15,195,500,1,full,unknown,water,Full  Water level/Full  Water level/speed-water-bottle-1-liter-390-w300_98_11zon.jpeg
speed-water-bottle-1-liter-390-w300_98_11zon_12_11zon.jpeg,58,15,195,500,1,full,unknown,water,Full  Water level/Full  Water level/speed-water-bottle-1-liter-390-w300_98_11zon_12_11zon.jpeg
springh-well-water-500x500_513_11zon.jpeg,121,55,380,435,1,full,unknown,water,Full  Water level/Full  Water level/springh-well-water-500x500_513_11zon.jpeg
stock-photo-blue-transparent-plastic-bottles-of-water-isolated-on-white-background-360717152_99_11zon.jpeg,912,494,1205,1477,1,full,unknown,water,Full  Water level/Full  Water level/stock-photo-blue-transparent-plastic-bottles-of-water-isolated-on-white-background-360717152_99_11zon.jpeg
stock-photo-different-size-bisleri-water-bottle-1666941496_516_11zon.jpeg,41,809,261,1466,1,full,unknown,water,Full  Water level/Full  Water level/stock-photo-different-size-bisleri-water-bottle-1666941496_516_11zon.jpeg
stock-photo-full-water-bottle-137702042_100_11zon.jpeg,378,82,752,1451,1,full,unknown,water,Full  Water level/Full  Water level/stock-photo-full-water-bottle-137702042_100_11zon.jpeg
TAG3-1000-ml-Water-Bottle-SDL090608260-1-69a75_101_11zon.jpeg,215,124,398,700,1,full,unknown,water,Full  Water level/Full  Water level/TAG3-1000-ml-Water-Bottle-SDL090608260-1-69a75_101_11zon.jpeg
transparent-plastic-drinking-water-bottle-lid-white-background-171190125_104_11zon.jpeg,278,189,793,1524,1,full,unknown,water,Full  Water level/Full  Water level/transparent-plastic-drinking-water-bottle-lid-white-background-171190125_104_11zon.jpeg
transparent-water-bottle-isolated-white-background_79161-306_106_11zon.jpeg,181,67,320,537,1,full,unknown,water,Full  Water level/Full  Water level/transparent-water-bottle-isolated-white-background_79161-306_106_11zon.jpeg
Transparent-Water-Bottle-Transparent-Background.png,364,152,628,1011,1,full,unknown,water,Full  Water level/Full  Water level/Transparent-Water-Bottle-Transparent-Background.png
ttle-on-white-background-for-mockup-design-front-view-without-cap-1688250748_107_11zon.jpeg,336,294,662,1472,1,full,unknown,water,Full  Water level/Full  Water level/ttle-on-white-background-for-mockup-design-front-view-without-cap-1688250748_107_11zon.jpeg
ucDFkM-water-bottle-hd-image.png,0,7,394,1456,1,full,unknown,water,Full  Water level/Full  Water level/ucDFkM-water-bottle-hd-image.png
unnamed (10)_13_11zon.jpeg,151,77,319,669,1,full,unknown,water,Full  Water level/Full  Water level/unnamed (10)_13_11zon.jpeg
unnamed (11)_14_11zon.jpeg,0,0,512,683,1,full,unknown,water,Full  Water level/Full  Water level/unnamed (11)_14_11zon.jpeg
untitled-3-89-16393730024x3_522_11zon.jpeg,367,201,576,917,1,full,unknown,water,Full  Water level/Full  Water level/untitled-3-89-16393730024x3_522_11zon.jpeg
water-4998513_1280.png,578,18,998,1271,1,full,unknown,water,Full  Water level/Full  Water level/water-4998513_1280.png
water-6323294_1280.png,0,0,640,1280,1,full,unknown,water,Full  Water level/Full  Water level/water-6323294_1280.png
water-bottle-bottle-water-clipart-png-collection-10.png,0,0,1208,4140,1,full,unknown,water,Full  Water level/Full  Water level/water-bottle-bottle-water-clipart-png-collection-10.png
Water-Bottle-Free-Download-PNG.png,2,0,385,418,1,full,unknown,water,Full  Water level/Full  Water level/Water-Bottle-Free-Download-PNG.png
water-bottle-isolated-white-31204922_526_11zon.jpeg,208,162,394,799,1,full,unknown,water,Full  Water level/Full  Water level/water-bottle-isolated-white-31204922_526_11zon.jpeg
Water-Bottle-Labels-2_528_11zon.jpeg,292,29,456,504,1,full,unknown,water,Full  Water level/Full  Water level/Water-Bottle-Labels-2_528_11zon.jpeg
water-bottle-plastic-bottle-stock-photography-plastic-water-bottle-11563100205ejtx5zwj5b.png,0,0,840,859,1,full,unknown,water,Full  Water level/Full  Water level/water-bottle-plastic-bottle-stock-photography-plastic-water-bottle-11563100205ejtx5zwj5b.png
water-bottle-png-0.png,111,3,207,319,1,full,unknown,water,Full  Water level/Full  Water level/water-bottle-png-0.png
water-bottle-png-6.png,115,38,204,319,1,full,unknown,water,Full  Water level/Full  Water level/water-bottle-png-6.png
water-bottle-png-image-5a3ac0b696f010.0505177815137998626183_110_11zon.jpeg,24,16,239,509,1,full,unknown,water,Full  Water level/Full  Water level/water-bottle-png-image-5a3ac0b696f010.0505177815137998626183_110_11zon.jpeg
Water-Bottle-PNG-Picture.png,202,40,426,675,1,full,unknown,water,Full  Water level/Full  Water level/Water-Bottle-PNG-Picture.png
Water-Bottle-PNG-Transparent-Image.png,0,0,900,1895,1,full,unknown,water,Full  Water level/Full  Water level/Water-Bottle-PNG-Transparent-Image.png
water-bottle-transparent-background-3_111_11zon.jpeg,326,414,571,490,1,full,unknown,water,Full  Water level/Full  Water level/water-bottle-transparent-background-3_111_11zon.jpeg
water-bottles-1595227213-5525879.jpeg,149,26,331,547,1,full,unknown,water,Full  Water level/Full  Water level/water-bottles-1595227213-5525879.jpeg
water-in-the-desert_151_11zon.jpeg,935,346,1187,1141,1,full,unknown,water,Full  Water level/Full  Water level/water-in-the-desert_151_11zon.jpeg
Water-plastic-bottle--isolated-on-transparent-background-PNG.png,183,47,417,863,1,full,unknown,water,Full  Water level/Full  Water level/Water-plastic-bottle--isolated-on-transparent-background-PNG.png
water_bottle_PNG98961.png,305,8,593,889,1,full,unknown,water,Full  Water level/Full  Water level/water_bottle_PNG98961.png
water_bottle_PNG98967.png,306,9,424,295,1,full,unknown,water,Full  Water level/Full  Water level/water_bottle_PNG98967.png
WhatsApp Image 2022-12-11 at 10.39.33 PM (1).jpeg,150,126,350,902,1,full,unknown,water,Full  Water level/Full  Water level/WhatsApp Image 2022-12-11 at 10.39.33 PM (1).jpeg
wheat-grass-500x500_114_11zon.jpeg,106,70,195,284,1,full,unknown,water,Full  Water level/Full  Water level/wheat-grass-500x500_114_11zon.jpeg
zcOPiHGDYwnhMxovjOyQ_533_11zon.jpeg,0,0,360,380,1,full,unknown,water,Full  Water level/Full  Water level/zcOPiHGDYwnhMxovjOyQ_533_11zon.jpeg
1-liter-drinking-water-pet-bottle-995-w300_2_11zon.jpeg,56,6,190,469,1,half,unknown,water,Half water level/Half water level/1-liter-drinking-water-pet-bottle-995-w300_2_11zon.jpeg
1106549-hand-pouring-water-from-a-bottle-to-a-half-filled-glass_10_11zon.jpeg,74,457,646,1283,1,half,unknown,water,Half water level/Half water level/1106549-hand-pouring-water-from-a-bottle-to-a-half-filled-glass_10_11zon.jpeg
128385390-a-plastic-bottle-full-of-half-with-mineral-water-on-a-white-background_17_11zon.jpeg,200,109,689,1172,1,full,unknown,water,Half water level/Half water level/128385390-a-plastic-bottle-full-of-half-with-mineral-water-on-a-white-background_17_11zon.jpeg
14691096-half-empty-plastic-bottle-of-water-_12_11zon.jpeg,0,0,866,1300,0,none,unknown,none,Half water level/Half water level/14691096-half-empty-plastic-bottle-of-water-_12_11zon.jpeg
1571450-the-bottle-is-half-full-beverage-drinking-water-photocase-stock-photo-large.jpeg,19,182,507,606,1,full,unknown,water,Half water level/Half water level/1571450-the-bottle-is-half-full-beverage-drinking-water-photocase-stock-photo-large.jpeg
181121LifeMadeLight-Liquids-ingredients-LeahWilliams_1_11zon.jpeg,398,271,729,991,1,half,unknown,water,Half water level/Half water level/181121LifeMadeLight-Liquids-ingredients-LeahWilliams_1_11zon.jpeg
181121LifeMadeLight-Liquids-ingredients-LeahWilliams_1_11zon_4_11zon.jpeg,398,271,729,991,1,half,unknown,water,Half water level/Half water level/181121LifeMadeLight-Liquids-ingredients-LeahWilliams_1_11zon_4_11zon.jpeg
18226-half-empty-transparent-nutrition-bottle-water-photocase-stock-photo-large.jpeg,0,0,392,849,0,none,unknown,none,Half water level/Half water level/18226-half-empty-transparent-nutrition-bottle-water-photocase-stock-photo-large.jpeg
19a14edf700920232da668e156ecb654_2_11zon.jpeg,0,0,1599,1066,1,half,unknown,water,Half water level/Half water level/19a14edf700920232da668e156ecb654_2_11zon.jpeg
1TbscDPF5xV-msTFYjNl8Hg2x.jpeg,0,0,1400,933,1,half,unknown,water,Half water level/Half water level/1TbscDPF5xV-msTFYjNl8Hg2x.jpeg
1XDNOCGW7WePKu5vH5t1OUA.jpeg,437,36,767,655,1,half,unknown,water,Half water level/Half water level/1XDNOCGW7WePKu5vH5t1OUA.jpeg
20140504_111730_13_11zon.jpeg,667,420,1897,3129,1,half,unknown,water,Half water level/Half water level/20140504_111730_13_11zon.jpeg
2074208574-how-much-empty-space-is-in-a-cup-of-water_15_11zon.jpeg,61,162,595,930,0,none,unknown,none,Half water level/Half water level/2074208574-how-much-empty-space-is-in-a-cup-of-water_15_11zon.jpeg
220px-Botella_de_plC3A1stico_-_PET_4_11zon.jpeg,58,13,160,365,1,half,unknown,water,Half water level/Half water level/220px-Botella_de_plC3A1stico_-_PET_4_11zon.jpeg
220px-Botella_de_plC3A1stico_-_PET_4_11zon_2_11zon.jpeg,58,13,160,365,1,half,unknown,water,Half water level/Half water level/220px-Botella_de_plC3A1stico_-_PET_4_11zon_2_11zon.jpeg
326532142_18_11zon.jpeg,771,0,1221,825,1,half,unknown,water,Half water level/Half water level/326532142_18_11zon.jpeg
33250700-bottle-of-soda-half-full-or-half-empty-isolated-on-white-background_14_11zon.jpeg,286,62,582,1239,0,none,unknown,none,Half water level/Half water level/33250700-bottle-of-soda-half-full-or-half-empty-isolated-on-white-background_14_11zon.jpeg
360_F_1554527_gNGV7ex4kYfcwkMAP1h0g0gHOqA7IL_5_11zon.jpeg,0,0,240,360,1,half,unknown,water,Half water level/Half water level/360_F_1554527_gNGV7ex4kYfcwkMAP1h0g0gHOqA7IL_5_11zon.jpeg
360_F_293053226_hVuUD2LNvldnoNb0BuqF8cBMQBMXIh4q_4_11zon.jpeg,80,36,172,335,1,half,unknown,water,Half water level/Half water level/360_F_293053226_hVuUD2LNvldnoNb0BuqF8cBMQBMXIh4q_4_11zon.jpeg
360_F_328582842_aaatsJnF4pnKBVZeI0D4NMNRbBWwAL0b_5_11zon.jpeg,0,0,360,360,1,half,unknown,water,Half water level/Half water level/360_F_328582842_aaatsJnF4pnKBVZeI0D4NMNRbBWwAL0b_5_11zon.jpeg
4222298_9_11zon.jpeg,120,65,293,559,1,half,unknown,water,Half water level/Half water level/4222298_9_11zon.jpeg
5267993-opened-water-bottle_11_11zon.jpeg,0,0,440,440,1,half,unknown,water,Half water level/Half water level/5267993-opened-water-bottle_11_11zon.jpeg
56-562880_cartoon-waterdrop-mineral-water-element-water-bottle-splash.png,524,308,768,592,1,half,unknown,water,Half water level/Half water level/56-562880_cartoon-waterdrop-mineral-water-element-water-bottle-splash.png
616TNPSEeLS._SL1360__8_11zon.jpeg,839,141,1117,1259,1,half,unknown,water,Half water level/Half water level/616TNPSEeLS._SL1360__8_11zon.jpeg
630-leak-proof-stayle-sipper-bottle-l-transparent-water-bottle-original-imagfzz5kcaxykhd.jpeg,168,256,314,413,1,half,unknown,water,Half water level/Half water level/630-leak-proof-stayle-sipper-bottle-l-transparent-water-bottle-original-imagfzz5kcaxykhd.jpeg
71LFH7RWciL._SL1500__10_11zon.jpeg,316,94,638,1244,1,half,unknown,water,Half water level/Half water level/71LFH7RWciL._SL1500__10_11zon.jpeg
8-81560_water-glass-png-free-download-glass-half-full_4_11zon.jpeg,214,36,645,695,1,full,unknown,water,Half water level/Half water level/8-81560_water-glass-png-free-download-glass-half-full_4_11zon.jpeg
800px_COLOURBOX19078860_7_11zon.jpeg,0,0,800,533,1,half,unknown,water,Half water level/Half water level/800px_COLOURBOX19078860_7_11zon.jpeg
8945097761_5982ca312f_b_16_11zon.jpeg,0,0,1024,333,1,half,unknown,water,Half water level/Half water level/8945097761_5982ca312f_b_16_11zon.jpeg
alf-full-blue-plastic-bottle-white-wood-table-quench-thirst-health-201694124_14_11zon.jpeg,214,67,340,480,1,full,unknown,water,Half water level/Half water level/alf-full-blue-plastic-bottle-white-wood-table-quench-thirst-health-201694124_14_11zon.jpeg
and-a-stacked-glass-of-water-on-a-gradient-blue-background-copy-space-vector_22_11zon.jpeg,1251,67,1503,927,1,half,unknown,water,Half water level/Half water level/and-a-stacked-glass-of-water-on-a-gradient-blue-background-copy-space-vector_22_11zon.jpeg
astic-water-bottle-half-filled-clear-clean-drinking-water-isolated-204332879_16_11zon.jpeg,416,31,670,772,1,half,unknown,water,Half water level/Half water level/astic-water-bottle-half-filled-clear-clean-drinking-water-isolated-204332879_16_11zon.jpeg
bisleri-packaged-drinking-water-with-10-step-quality-cycle-and-114-quality-tests-024-w300_83_11zon.jpeg,68,77,235,357,1,half,unknown,water,Half water level/Half water level/bisleri-packaged-drinking-water-with-10-step-quality-cycle-and-114-quality-tests-024-w300_83_11zon.jpeg
blue-plastic-water-bottle-lying-on-glass-shelf-half-full-or-half-empty-J1BYWJ_26_11zon.jpeg,103,261,1237,655,0,none,unknown,none,Half water level/Half water level/blue-plastic-water-bottle-lying-on-glass-shelf-half-full-or-half-empty-J1BYWJ_26_11zon.jpeg
bottle-1_27_11zon.jpeg,682,174,1720,3214,1,half,unknown,water,Half water level/Half water level/bottle-1_27_11zon.jpeg
bottle-fresh-orange-juice-flat-icon_738121-1055_18_11zon.jpeg,0,0,626,626,1,half,unknown,water,Half water level/Half water level/bottle-fresh-orange-juice-flat-icon_738121-1055_18_11zon.jpeg
bottle-half-filled-water-blue-169564825_30_11zon.jpeg,0,0,1200,1689,1,half,unknown,water,Half water level/Half water level/bottle-half-filled-water-blue-169564825_30_11zon.jpeg
bottle-of-unbranded-water-and-glass-M0CMXC_21_11zon.jpeg,402,208,683,1019,1,half,unknown,water,Half water level/Half water level/bottle-of-unbranded-water-and-glass-M0CMXC_21_11zon.jpeg
bottle-with-dirty-water-eps-vector_csp27096880_32_11zon.jpeg,0,0,529,519,1,half,unknown,water,Half water level/Half water level/bottle-with-dirty-water-eps-vector_csp27096880_32_11zon.jpeg
bottled20water_3_11zon.jpeg,0,0,960,1280,1,half,unknown,water,Half water level/Half water level/bottled20water_3_11zon.jpeg
cf4c3d32a5000f236e4bc57fdce0d3fd_35_11zon.jpeg,0,0,1600,1067,1,half,unknown,water,Half water level/Half water level/cf4c3d32a5000f236e4bc57fdce0d3fd_35_11zon.jpeg
CIMG3056_LI_36_11zon.jpeg,2,1,699,1442,1,half,unknown,water,Half water level/Half water level/CIMG3056_LI_36_11zon.jpeg
closeup-glass-full-water-half-filled-blue-bottle-against-black-background-190906441_26_11zon.jpeg,88,48,230,479,1,full,unknown,water,Half water level/Half water level/closeup-glass-full-water-half-filled-blue-bottle-against-black-background-190906441_26_11zon.jpeg
DSyGfnAXkAI5cl0_30_11zon.jpeg,296,38,653,1197,1,half,unknown,water,Half water level/Half water level/DSyGfnAXkAI5cl0_30_11zon.jpeg
ed-of-fresh-sparkling-water-flat-icon-isolated-on-white-background-580916992_24_11zon.jpeg,0,0,1500,1600,1,half,unknown,water,Half water level/Half water level/ed-of-fresh-sparkling-water-flat-icon-isolated-on-white-background-580916992_24_11zon.jpeg
ent-plastic-depending-how-you-look-durchsichtige-wasserflasche-aus-246568349_25_11zon.jpeg,374,2,718,527,1,half,unknown,water,Half water level/Half water level/ent-plastic-depending-how-you-look-durchsichtige-wasserflasche-aus-246568349_25_11zon.jpeg
f-full-water-white-background-large-plastic-bottle-half-full-water-254636074_26_11zon.jpeg,118,133,454,818,1,full,unknown,water,Half water level/Half water level/f-full-water-white-background-large-plastic-bottle-half-full-water-254636074_26_11zon.jpeg
fabacaea471681d704f6d05cc38738e6_42_11zon.jpeg,0,0,700,540,1,half,unknown,water,Half water level/Half water level/fabacaea471681d704f6d05cc38738e6_42_11zon.jpeg
full-glass-water-isolated-black-background-filled-filling-fresh-half-empty-118845221_28_11zon.jpeg,0,0,800,589,0,none,unknown,none,Half water level/Half water level/full-glass-water-isolated-black-background-filled-filling-fresh-half-empty-118845221_28_11zon.jpeg
glass-bottle-half-filled-water-cap-isolated-white-background-245858993_29_11zon.jpeg,275,114,522,848,1,half,unknown,water,Half water level/Half water level/glass-bottle-half-filled-water-cap-isolated-white-background-245858993_29_11zon.jpeg
glass-of-water-transparent-background-11_30_11zon.jpeg,230,291,702,1393,1,half,unknown,water,Half water level/Half water level/glass-of-water-transparent-background-11_30_11zon.jpeg
Glass-of-water_33_11zon.jpeg,378,237,1237,2024,1,half,unknown,water,Half water level/Half water level/Glass-of-water_33_11zon.jpeg
half-empty-bottle-stock-image_csp8298746_5_11zon.jpeg,144,59,280,481,0,none,unknown,none,Half water level/Half water level/half-empty-bottle-stock-image_csp8298746_5_11zon.jpeg
half-empty-plastic-mineral-water-bottle-on-a-green-lawn-BREMD2_32_11zon.jpeg,277,65,630,1060,0,none,unknown,none,Half water level/Half water level/half-empty-plastic-mineral-water-bottle-on-a-green-lawn-BREMD2_32_11zon.jpeg
half-empty-water-bottle2_48_11zon.jpeg,134,72,369,660,0,none,unknown,none,Half water level/Half water level/half-empty-water-bottle2_48_11zon.jpeg
half-full-jug-water-glass-260nw-2080854808_35_11zon.jpeg,190,33,261,233,1,full,unknown,water,Half water level/Half water level/half-full-jug-water-glass-260nw-2080854808_35_11zon.jpeg
half-full-plastic-bottle-of-water-on-reflective-surface-M0H87K_36_11zon.jpeg,124,114,141,141,1,full,unknown,water,Half water level/Half water level/half-full-plastic-bottle-of-water-on-reflective-surface-M0H87K_36_11zon.jpeg
half-full-water-bottle-with-white-cap-on-a-metal-table-and-white-background-2GGG910_37_11zon.jpeg,548,129,726,744,1,full,unknown,water,Half water level/Half water level/half-full-water-bottle-with-white-cap-on-a-metal-table-and-white-background-2GGG910_37_11zon.jpeg
halfemptyhalffull.png,103,160,482,932,0,none,unknown,none,Half water level/Half water level/halfemptyhalffull.png
ic-bottle-into-half-filled-drinking-glass-with-reflection-on-white-and-blue-_39_11zon.jpeg,0,0,873,1300,1,half,unknown,water,Half water level/Half water level/ic-bottle-into-half-filled-drinking-glass-with-reflection-on-white-and-blue-_39_11zon.jpeg
image26.jpeg,58,15,129,213,1,half,unknown,water,Half water level/Half water level/image26.jpeg
images (5)_43_11zon.jpeg,0,0,250,202,1,half,unknown,water,Half water level/Half water level/images (5)_43_11zon.jpeg
images105_63_11zon.jpeg,129,3,249,181,1,half,unknown,water,Half water level/Half water level/images105_63_11zon.jpeg
images130_70_11zon.jpeg,108,49,144,174,1,half,unknown,water,Half water level/Half water level/images130_70_11zon.jpeg
images136_72_11zon.jpeg,267,0,360,88,1,half,unknown,water,Half water level/Half water level/images136_72_11zon.jpeg
images139_6_11zon.jpeg,61,33,132,209,1,half,unknown,water,Half water level/Half water level/images139_6_11zon.jpeg
images147_77_11zon.jpeg,0,0,275,183,1,half,unknown,water,Half water level/Half water level/images147_77_11zon.jpeg
images157_80_11zon.jpeg,67,14,139,249,1,half,unknown,water,Half water level/Half water level/images157_80_11zon.jpeg
images161_83_11zon.jpeg,48,18,139,240,1,half,unknown,water,Half water level/Half water level/images161_83_11zon.jpeg
images168_88_11zon.jpeg,162,72,192,160,1,half,unknown,water,Half water level/Half water level/images168_88_11zon.jpeg
images184_92_11zon.jpeg,13,19,166,258,1,half,unknown,water,Half water level/Half water level/images184_92_11zon.jpeg
images212_101_11zon.jpeg,49,23,125,248,1,half,unknown,water,Half water level/Half water level/images212_101_11zon.jpeg
images240_106_11zon.jpeg,181,1,286,151,1,half,unknown,water,Half water level/Half water level/images240_106_11zon.jpeg
images244_108_11zon.jpeg,9,0,386,125,1,half,unknown,water,Half water level/Half water level/images244_108_11zon.jpeg
images335_337_11zon.jpeg,104,4,173,179,1,half,unknown,water,Half water level/Half water level/images335_337_11zon.jpeg
images48_51_11zon.jpeg,47,16,114,242,1,half,unknown,water,Half water level/Half water level/images48_51_11zon.jpeg
images51_52_11zon.jpeg,0,0,225,225,1,half,unknown,water,Half water level/Half water level/images51_52_11zon.jpeg
images54_43_11zon.jpeg,8,23,87,261,1,half,unknown,water,Half water level/Half water level/images54_43_11zon.jpeg
images68_55_11zon.jpeg,0,0,312,162,1,half,unknown,water,Half water level/Half water level/images68_55_11zon.jpeg
images93_54_11zon.jpeg,69,0,147,224,1,half,unknown,water,Half water level/Half water level/images93_54_11zon.jpeg
IMG-20221215-WA0005_12_11zon.jpeg,193,107,512,1149,1,half,unknown,water,Half water level/Half water level/IMG-20221215-WA0005_12_11zon.jpeg
IMG-20221215-WA0008_13_11zon.jpeg,322,39,649,1138,1,half,unknown,water,Half water level/Half water level/IMG-20221215-WA0008_13_11zon.jpeg
IMG-20221215-WA0009_14_11zon.jpeg,266,92,544,1061,1,half,unknown,water,Half water level/Half water level/IMG-20221215-WA0009_14_11zon.jpeg
IMG20221210152446_15_11zon.jpeg,638,107,1593,3660,1,half,unknown,water,Half water level/Half water level/IMG20221210152446_15_11zon.jpeg
IMG20221210152447_16_11zon.jpeg,567,240,1494,3742,1,half,unknown,water,Half water level/Half water level/IMG20221210152447_16_11zon.jpeg
IMG20221210152450_17_11zon.jpeg,606,206,1532,3668,1,half,unknown,water,Half water level/Half water level/IMG20221210152450_17_11zon.jpeg
IMG20221210152519_18_11zon.jpeg,628,474,1488,3634,1,half,unknown,water,Half water level/Half water level/IMG20221210152519_18_11zon.jpeg
IMG20221210152520_19_11zon.jpeg,605,482,1474,3639,1,half,unknown,water,Half water level/Half water level/IMG20221210152520_19_11zon.jpeg
IMG20221210163253_20_11zon.jpeg,441,83,1425,3513,1,half,unknown,water,Half water level/Half water level/IMG20221210163253_20_11zon.jpeg
IMG20221210163257_22_11zon.jpeg,441,105,1457,3596,1,half,unknown,water,Half water level/Half water level/IMG20221210163257_22_11zon.jpeg
IMG20221210210812_23_11zon.jpeg,397,735,1283,3320,1,half,unknown,water,Half water level/Half water level/IMG20221210210812_23_11zon.jpeg
IMG20221226130645_25_11zon.jpeg,1471,744,1776,1289,1,half,unknown,water,Half water level/Half water level/IMG20221226130645_25_11zon.jpeg
IMG20221226130700_27_11zon.jpeg,631,467,1370,3175,1,half,unknown,water,Half water level/Half water level/IMG20221226130700_27_11zon.jpeg
IMG20221226130703_28_11zon.jpeg,625,433,1370,3251,1,half,unknown,water,Half water level/Half water level/IMG20221226130703_28_11zon.jpeg
IMG20221226133443_29_11zon.jpeg,775,658,1503,3016,1,half,unknown,water,Half water level/Half water level/IMG20221226133443_29_11zon.jpeg
IMG20221226133447_30_11zon.jpeg,638,687,1378,3097,1,half,unknown,water,Half water level/Half water level/IMG20221226133447_30_11zon.jpeg
IMG20221226183446_32_11zon.jpeg,401,54,1365,3737,1,half,unknown,water,Half water level/Half water level/IMG20221226183446_32_11zon.jpeg
IMG_20221226_131312_11_11zon.jpeg,442,223,824,1449,1,half,unknown,water,Half water level/Half water level/IMG_20221226_131312_11_11zon.jpeg
IMG_9470.JPG_55_11zon.jpeg,1372,0,2499,1518,1,half,unknown,water,Half water level/Half water level/IMG_9470.JPG_55_11zon.jpeg
ing-water-optimism-drinking-water-a-glass-of-water-15QVZ9ETLp08BX4BeNny5kjBm_56_11zon.jpeg,78,61,649,884,1,half,unknown,water,Half water level/Half water level/ing-water-optimism-drinking-water-a-glass-of-water-15QVZ9ETLp08BX4BeNny5kjBm_56_11zon.jpeg
le-and-a-glass-tumbler-half-filled-with-water-close-up-isolated-on-a-white-b_57_11zon.jpeg,172,162,456,1123,1,half,unknown,water,Half water level/Half water level/le-and-a-glass-tumbler-half-filled-with-water-close-up-isolated-on-a-white-b_57_11zon.jpeg
maxresdefault_130_11zon.jpeg,652,97,1242,1012,1,half,unknown,water,Half water level/Half water level/maxresdefault_130_11zon.jpeg
n-sky-blue-background-yellow-liquid-in-transparent-container-stylize-2K5HJND_50_11zon.jpeg,469,124,837,1200,1,half,unknown,water,Half water level/Half water level/n-sky-blue-background-yellow-liquid-in-transparent-container-stylize-2K5HJND_50_11zon.jpeg
nds-on-a-stone-in-front-of-a-waterfall-will-we-run-out-of-water-soon-2H7NMJ2_49_11zon.jpeg,789,170,973,800,1,half,unknown,water,Half water level/Half water level/nds-on-a-stone-in-front-of-a-waterfall-will-we-run-out-of-water-soon-2H7NMJ2_49_11zon.jpeg
on-green-grass-there-transparent-260nw-1476775592_52_11zon.jpeg,171,61,222,201,1,half,unknown,water,Half water level/Half water level/on-green-grass-there-transparent-260nw-1476775592_52_11zon.jpeg
opened-water-bottle-4222358_59_11zon.jpeg,705,145,1153,1287,1,half,unknown,water,Half water level/Half water level/opened-water-bottle-4222358_59_11zon.jpeg
or-half-full-optimism-graphy-water-glass-glass-tumbler-water-glass-thumbnail_53_11zon.jpeg,0,0,360,480,1,full,unknown,water,Half water level/Half water level/or-half-full-optimism-graphy-water-glass-glass-tumbler-water-glass-thumbnail_53_11zon.jpeg
plastic-bottle-half-full-147900449_56_11zon.jpeg,211,101,414,883,1,full,unknown,water,Half water level/Half water level/plastic-bottle-half-full-147900449_56_11zon.jpeg
plastic-bottle-half-full-water-147900545_61_11zon.jpeg,376,156,734,1407,1,full,unknown,water,Half water level/Half water level/plastic-bottle-half-full-water-147900545_61_11zon.jpeg
plastic-bottle-water-half-full-reflective-surface-107565079_62_11zon.jpeg,209,160,379,802,1,full,unknown,water,Half water level/Half water level/plastic-bottle-water-half-full-reflective-surface-107565079_62_11zon.jpeg
plastic-bottles-some-half-full-others-half-empty-ready-for-recycling-2EA8WXY_133_11zon.jpeg,541,0,879,549,0,none,unknown,none,Half water level/Half water level/plastic-bottles-some-half-full-others-half-empty-ready-for-recycling-2EA8WXY_133_11zon.jpeg
plastic-open-bottle-mineral-water-half-full-isolated-white-159766340_58_11zon.jpeg,212,63,427,816,1,full,unknown,water,Half water level/Half water level/plastic-open-bottle-mineral-water-half-full-isolated-white-159766340_58_11zon.jpeg
plastic-water-recycled-bottles-filled-260nw-1473451991_59_11zon.jpeg,92,48,177,260,1,half,unknown,water,Half water level/Half water level/plastic-water-recycled-bottles-filled-260nw-1473451991_59_11zon.jpeg
pt_2291_44_o_64_11zon.jpeg,0,356,297,439,1,half,unknown,water,Half water level/Half water level/pt_2291_44_o_64_11zon.jpeg
selective-focus-shot-of-a-half-empty-water-bottle-on-a-surface-captured-at-daylight-2C55CP6_68_11zon.jpeg,3,149,1237,773,0,none,unknown,none,Half water level/Half water level/selective-focus-shot-of-a-half-empty-water-bottle-on-a-surface-captured-at-daylight-2C55CP6_68_11zon.jpeg
small-green-water-bottle-glass-tumbler-half-filled-close-up-isolated-white-background-210406391_68_11zon.jpeg,118,102,315,770,1,half,unknown,water,Half water level/Half water level/small-green-water-bottle-glass-tumbler-half-filled-close-up-isolated-white-background-210406391_68_11zon.jpeg
Stardust2_71_11zon.jpeg,411,226,589,886,1,half,unknown,water,Half water level/Half water level/Stardust2_71_11zon.jpeg
sub-buzz-3229-1659158296-33.png,0,720,537,1404,1,half,unknown,water,Half water level/Half water level/sub-buzz-3229-1659158296-33.png
three-type-of-glass-bottle-isolated-full-half-and-empty-free-vector_142_11zon.jpeg,649,87,1106,936,0,none,unknown,none,Half water level/Half water level/three-type-of-glass-bottle-isolated-full-half-and-empty-free-vector_142_11zon.jpeg
unnamed (1)_34_11zon.jpeg,145,47,336,665,1,half,unknown,water,Half water level/Half water level/unnamed (1)_34_11zon.jpeg
unnamed (2)_35_11zon.jpeg,161,70,376,682,1,half,unknown,water,Half water level/Half water level/unnamed (2)_35_11zon.jpeg
unnamed (3)_36_11zon.jpeg,142,103,326,673,1,half,unknown,water,Half water level/Half water level/unnamed (3)_36_11zon.jpeg
unnamed (4)_37_11zon.jpeg,165,139,348,672,1,half,unknown,water,Half water level/Half water level/unnamed (4)_37_11zon.jpeg
unnamed (5)_38_11zon.jpeg,155,73,334,655,1,half,unknown,water,Half water level/Half water level/unnamed (5)_38_11zon.jpeg
unnamed (6)_39_11zon.jpeg,146,55,336,664,1,half,unknown,water,Half water level/Half water level/unnamed (6)_39_11zon.jpeg
unnamed (7)_40_11zon.jpeg,183,50,368,668,1,half,unknown,water,Half water level/Half water level/unnamed (7)_40_11zon.jpeg
unnamed (8)_41_11zon.jpeg,132,68,296,625,1,half,unknown,water,Half water level/Half water level/unnamed (8)_41_11zon.jpeg
unnamed (9)_42_11zon.jpeg,122,32,310,661,1,half,unknown,water,Half water level/Half water level/unnamed (9)_42_11zon.jpeg
unnamed_43_11zon.jpeg,188,93,352,616,1,half,unknown,water,Half water level/Half water level/unnamed_43_11zon.jpeg
water-bottle-and-glass-4346300-3612003.png,0,0,450,450,1,half,unknown,water,Half water level/Half water level/water-bottle-and-glass-4346300-3612003.png
water-bottle-half-liter-filled-41995473_8_11zon.jpeg,277,143,593,1220,1,half,unknown,water,Half water level/Half water level/water-bottle-half-liter-filled-41995473_8_11zon.jpeg
water-filled-blue-plastic-bottle-260nw-170543522_73_11zon.jpeg,0,0,173,280,1,half,unknown,water,Half water level/Half water level/water-filled-blue-plastic-bottle-260nw-170543522_73_11zon.jpeg
water-filled-blue-plastic-bottle-260nw-170543522_73_11zon_44_11zon.jpeg,0,0,173,280,1,half,unknown,water,Half water level/Half water level/water-filled-blue-plastic-bottle-260nw-170543522_73_11zon_44_11zon.jpeg
WhatsApp Image 2022-12-11 at 10.39.31 PM.jpeg,113,172,334,831,1,half,unknown,water,Half water level/Half water level/WhatsApp Image 2022-12-11 at 10.39.31 PM.jpeg
WhatsApp Image 2022-12-11 at 10.39.32 PM (1).jpeg,106,29,353,886,1,half,unknown,water,Half water level/Half water level/WhatsApp Image 2022-12-11 at 10.39.32 PM (1).jpeg
WhatsApp Image 2022-12-11 at 10.39.34 PM.jpeg,157,119,372,908,1,half,unknown,water,Half water level/Half water level/WhatsApp Image 2022-12-11 at 10.39.34 PM.jpeg
WhatsApp Image 2022-12-11 at 10.39.36 PM.jpeg,162,44,398,921,1,half,unknown,water,Half water level/Half water level/WhatsApp Image 2022-12-11 at 10.39.36 PM.jpeg
winner-300-ml-packaged-drinking-water-bottle-1000x1000.jpeg,214,92,503,991,1,half,unknown,water,Half water level/Half water level/winner-300-ml-packaged-drinking-water-bottle-1000x1000.jpeg
winner-300-ml-packaged-drinking-water-bottle-1000x1000_45_11zon.jpeg,214,92,503,991,1,half,unknown,water,Half water level/Half water level/winner-300-ml-packaged-drinking-water-bottle-1000x1000_45_11zon.jpeg
download (1)_1_11zon.jpeg,0,10,245,199,1,overflowing,unknown,water,Overflowing/Overflowing/download (1)_1_11zon.jpeg
download (11)_3_11zon.jpeg,0,0,300,168,1,overflowing,unknown,water,Overflowing/Overflowing/download (11)_3_11zon.jpeg
download (12)_4_11zon.jpeg,0,0,265,190,1,overflowing,unknown,water,Overflowing/Overflowing/download (12)_4_11zon.jpeg
download (13)_5_11zon.jpeg,1,0,170,193,1,overflowing,unknown,water,Overflowing/Overflowing/download (13)_5_11zon.jpeg
download (15)_6_11zon.jpeg,0,0,286,176,1,overflowing,unknown,water,Overflowing/Overflowing/download (15)_6_11zon.jpeg
download (16)_7_11zon.jpeg,0,0,300,168,1,overflowing,unknown,water,Overflowing/Overflowing/download (16)_7_11zon.jpeg
download (2)_2_11zon.jpeg,41,4,230,183,1,overflowing,unknown,water,Overflowing/Overflowing/download (2)_2_11zon.jpeg
download (3)_3_11zon.jpeg,97,81,185,162,1,overflowing,unknown,water,Overflowing/Overflowing/download (3)_3_11zon.jpeg
download (4)_4_11zon.jpeg,0,0,194,259,1,overflowing,unknown,water,Overflowing/Overflowing/download (4)_4_11zon.jpeg
download (5)_5_11zon.jpeg,0,0,182,277,1,overflowing,unknown,water,Overflowing/Overflowing/download (5)_5_11zon.jpeg
download5_7_11zon.jpeg,0,0,183,275,1,overflowing,unknown,water,Overflowing/Overflowing/download5_7_11zon.jpeg
download_6_11zon.jpeg,31,1,134,182,1,overflowing,unknown,water,Overflowing/Overflowing/download_6_11zon.jpeg
downloadfgfg_8_11zon.jpeg,0,0,202,250,1,overflowing,unknown,water,Overflowing/Overflowing/downloadfgfg_8_11zon.jpeg
images (1)_8_11zon.jpeg,7,11,274,178,1,overflowing,unknown,water,Overflowing/Overflowing/images (1)_8_11zon.jpeg
images (2)_4_11zon.jpeg,0,0,177,284,1,overflowing,unknown,water,Overflowing/Overflowing/images (2)_4_11zon.jpeg
images (2)_9_11zon.jpeg,0,0,279,180,1,overflowing,unknown,water,Overflowing/Overflowing/images (2)_9_11zon.jpeg
images (3)_10_11zon.jpeg,0,0,250,202,1,overflowing,unknown,water,Overflowing/Overflowing/images (3)_10_11zon.jpeg
images (3)_5_11zon.jpeg,180,152,258,194,1,overflowing,unknown,water,Overflowing/Overflowing/images (3)_5_11zon.jpeg
images (4)_11_11zon.jpeg,0,0,262,192,1,overflowing,unknown,water,Overflowing/Overflowing/images (4)_11_11zon.jpeg
images (8)_13_11zon.jpeg,0,0,181,279,1,overflowing,unknown,water,Overflowing/Overflowing/images (8)_13_11zon.jpeg
images115_201_11zon.jpeg,0,0,259,194,1,overflowing,unknown,water,Overflowing/Overflowing/images115_201_11zon.jpeg
images196_11zon.jpeg,0,0,152,331,1,overflowing,unknown,water,Overflowing/Overflowing/images196_11zon.jpeg
images230_104_11zon_cleanup_11zon.jpeg,0,0,275,183,1,overflowing,unknown,water,Overflowing/Overflowing/images230_104_11zon_cleanup_11zon.jpeg
images3_12_11zon.jpeg,112,43,161,165,1,overflowing,unknown,water,Overflowing/Overflowing/images3_12_11zon.jpeg
images3_12_11zon_1_11zon.jpeg,113,43,161,166,1,overflowing,unknown,water,Overflowing/Overflowing/images3_12_11zon_1_11zon.jpeg
images4_13_11zon.jpeg,2,86,166,267,1,overflowing,unknown,water,Overflowing/Overflowing/images4_13_11zon.jpeg
images_14_11zon.jpeg,0,0,259,194,1,overflowing,unknown,water,Overflowing/Overflowing/images_14_11zon.jpeg
images_6_11zon.jpeg,77,63,203,215,1,overflowing,unknown,water,Overflowing/Overflowing/images_6_11zon.jpeg
images_9_11zon.jpeg,1,197,183,275,1,overflowing,unknown,water,Overflowing/Overflowing/images_9_11zon.jpeg
imagesfgdfghdfg_14_11zon.jpeg,46,128,160,255,1,overflowing,unknown,water,Overflowing/Overflowing/imagesfgdfghdfg_14_11zon.jpeg
imagesfhjfg_15_11zon_4_11zon.jpeg,43,92,150,195,1,overflowing,unknown,water,Overflowing/Overflowing/imagesfhjfg_15_11zon_4_11zon.jpeg
unnamed (12)_5_11zon.jpeg,148,190,317,682,1,overflowing,unknown,water,Overflowing/Overflowing/unnamed (12)_5_11zon.jpeg
unnamed (13)_6_11zon.jpeg,0,0,512,683,1,overflowing,unknown,water,Overflowing/Overflowing/unnamed (13)_6_11zon.jpeg
unnamed (14)_7_11zon.jpeg,196,17,385,680,1,overflowing,unknown,water,Overflowing/Overflowing/unnamed (14)_7_11zon.jpeg
unnamed (15)_8_11zon.jpeg,188,125,392,681,1,overflowing,unknown,water,Overflowing/Overflowing/unnamed (15)_8_11zon.jpeg
unnamed (16)_9_11zon.jpeg,114,65,341,667,1,overflowing,unknown,water,Overflowing/Overflowing/unnamed (16)_9_11zon.jpeg
unnamed (17)_10_11zon.jpeg,132,210,322,682,1,overflowing,unknown,water,Overflowing/Overflowing/unnamed (17)_10_11zon.jpeg
unnamed (18)_11_11zon.jpeg,136,298,291,680,1,overflowing,unknown,water,Overflowing/Overflowing/unnamed (18)_11_11zon.jpeg
unnamed (19)_12_11zon.jpeg,129,187,311,683,1,overflowing,unknown,water,Overflowing/Overflowing/unnamed (19)_12_11zon.jpeg
