filename,xmin,ymin,xmax,ymax,has_liquid,liquid_level,pose,liquid_type,source,det_conf,det_status
-on-white-background-transparent-plastic-pet-bottle-of-mineral-water-2DA55DY_85_11zon.jpeg,286,151,626,1140,1,full,unknown,water,Full  Water level/Full  Water level/-on-white-background-transparent-plastic-pet-bottle-of-mineral-water-2DA55DY_85_11zon.jpeg,0.800797,yolo_best_non_bottle
01-waterbottlesun_20190719_0023_2x3_1_11zon.jpeg,645,330,1296,2613,1,full,unknown,water,Full  Water level/Full  Water level/01-waterbottlesun_20190719_0023_2x3_1_11zon.jpeg,0.447552,yolo_best_non_bottle
0bnC0a9OdzJtymklrmne_1_11zon.jpeg,0,0,360,380,1,full,unknown,water,Full  Water level/Full  Water level/0bnC0a9OdzJtymklrmne_1_11zon.jpeg,0.000000,fallback_full_image
1-0l-fresh-water-bottle-mockup_358694-280_3_11zon.jpeg,253,89,361,402,1,full,unknown,water,Full  Water level/Full  Water level/1-0l-fresh-water-bottle-mockup_358694-280_3_11zon.jpeg,0.918446,yolo_bottle
1000_F_181641215_ZAQ5NSDRONequztAW4ipiNfPlyuEa3s0_19_11zon.jpeg,360,78,633,942,1,full,unknown,water,Full  Water level/Full  Water level/1000_F_181641215_ZAQ5NSDRONequztAW4ipiNfPlyuEa3s0_19_11zon.jpeg,0.801207,yolo_best_non_bottle
1000_F_251350383_qpgK1Q0u3nBLak8CjH7rENWlY7NRbLwI_21_11zon.jpeg,374,52,566,422,1,full,unknown,water,Full  Water level/Full  Water level/1000_F_251350383_qpgK1Q0u3nBLak8CjH7rENWlY7NRbLwI_21_11zon.jpeg,0.433497,yolo_bottle
1000_F_294537209_JaQefXgA0A6O37NfDHTib6zROQcHT9Jd_22_11zon.jpeg,610,309,711,646,1,full,unknown,water,Full  Water level/Full  Water level/1000_F_294537209_JaQefXgA0A6O37NfDHTib6zROQcHT9Jd_22_11zon.jpeg,0.854935,yolo_bottle
108-1086053_transparent-background-water-bottle-png-png-download.png,217,25,639,1182,1,full,unknown,water,Full  Water level/Full  Water level/108-1086053_transparent-background-water-bottle-png-png-download.png,0.721110,yolo_best_non_bottle
11178-Different_types_of_water_facebook-1200x628-1-1200x628_39_11zon.jpeg,0,0,1200,628,1,full,unknown,water,Full  Water level/Full  Water level/11178-Different_types_of_water_facebook-1200x628-1-1200x628_39_11zon.jpeg,0.000000,fallback_full_image
11178-Different_types_of_water_header-1296x728_25_11zon.jpeg,0,0,1296,728,1,full,unknown,water,Full  Water level/Full  Water level/11178-Different_types_of_water_header-1296x728_25_11zon.jpeg,0.000000,fallback_full_image
11526496-two-blue-transparent-bottle-with-water-isolated-on-a-white-background_31_11zon.jpeg,96,136,395,1219,1,full,unknown,water,Full  Water level/Full  Water level/11526496-two-blue-transparent-bottle-with-water-isolated-on-a-white-background_31_11zon.jpeg,0.847551,yolo_best_non_bottle
137-1370739_water-bottle-png-image-file-plastic-bottle-transparent.png,359,73,674,1132,1,full,unknown,water,Full  Water level/Full  Water level/137-1370739_water-bottle-png-image-file-plastic-bottle-transparent.png,0.688316,yolo_best_non_bottle
148-1488904_transparent-raindrop-water-bottle-water-jug-transparent-background.png,226,25,685,830,1,full,unknown,water,Full  Water level/Full  Water level/148-1488904_transparent-raindrop-water-bottle-water-jug-transparent-background.png,0.283197,yolo_best_non_bottle
16-167008_water-bottle-png-water-bottle-transparent-background-png.png,0,0,860,2401,1,full,unknown,water,Full  Water level/Full  Water level/16-167008_water-bottle-png-water-bottle-transparent-background-png.png,0.000000,fallback_full_image
174367-2_2-bisleri-mineral-water_41_11zon.jpeg,0,0,900,900,1,full,unknown,water,Full  Water level/Full  Water level/174367-2_2-bisleri-mineral-water_41_11zon.jpeg,0.000000,fallback_full_image
193-1932341_bottled-water-transparent-background-water-bottle-png-png.png,281,37,575,777,1,full,unknown,water,Full  Water level/Full  Water level/193-1932341_bottled-water-transparent-background-water-bottle-png-png.png,0.377115,yolo_best_non_bottle
197351_4-bisleri-mineral-water_42_11zon.jpeg,180,7,319,490,1,full,unknown,water,Full  Water level/Full  Water level/197351_4-bisleri-mineral-water_42_11zon.jpeg,0.783646,yolo_bottle
1m53DFql9XibM41BUVHW_4_11zon.jpeg,531,23,640,410,1,full,unknown,water,Full  Water level/Full  Water level/1m53DFql9XibM41BUVHW_4_11zon.jpeg,0.928724,yolo_bottle
2008_0622SzentkirC3A1ly0110.JPG_24_11zon.jpeg,783,175,1515,2534,1,full,unknown,water,Full  Water level/Full  Water level/2008_0622SzentkirC3A1ly0110.JPG_24_11zon.jpeg,0.734884,yolo_bottle
2008_0622SzentkirC3A1ly0110.JPG_24_11zon_1_11zon.jpeg,782,175,1515,2535,1,full,unknown,water,Full  Water level/Full  Water level/2008_0622SzentkirC3A1ly0110.JPG_24_11zon_1_11zon.jpeg,0.734420,yolo_bottle
200ml-plastic-mineral-water-bottle-500x500_12_11zon.jpeg,169,4,336,498,1,full,unknown,water,Full  Water level/Full  Water level/200ml-plastic-mineral-water-bottle-500x500_12_11zon.jpeg,0.405389,yolo_bottle
2011824010104_1_55_11zon.jpeg,288,145,746,1015,1,full,unknown,water,Full  Water level/Full  Water level/2011824010104_1_55_11zon.jpeg,0.285949,yolo_best_non_bottle
2016-2_37_11zon.jpeg,101,125,309,431,1,full,unknown,water,Full  Water level/Full  Water level/2016-2_37_11zon.jpeg,0.400836,yolo_bottle
204569_2-kinley-mineral-water_26_11zon.jpeg,143,20,288,484,1,full,unknown,water,Full  Water level/Full  Water level/204569_2-kinley-mineral-water_26_11zon.jpeg,0.569387,yolo_bottle
212538-shutterstock1379350706-1_43_11zon.jpeg,826,69,1079,792,1,full,unknown,water,Full  Water level/Full  Water level/212538-shutterstock1379350706-1_43_11zon.jpeg,0.902014,yolo_bottle
215-2151294_pattern-water-bottle-png-image-bottled-water-clip-art.png,15,36,826,1978,1,full,unknown,water,Full  Water level/Full  Water level/215-2151294_pattern-water-bottle-png-image-bottled-water-clip-art.png,0.631556,yolo_best_non_bottle
242060-2_1-aquafina-packaged-drinking-water_44_11zon.jpeg,307,18,567,877,1,full,unknown,water,Full  Water level/Full  Water level/242060-2_1-aquafina-packaged-drinking-water_44_11zon.jpeg,0.805238,yolo_bottle
2440.png,221,19,422,615,1,full,unknown,water,Full  Water level/Full  Water level/2440.png,0.431979,yolo_best_non_bottle
250-ml-bisleri-water-bottle-500x500_13_11zon.jpeg,118,125,202,418,1,full,unknown,water,Full  Water level/Full  Water level/250-ml-bisleri-water-bottle-500x500_13_11zon.jpeg,0.855728,yolo_bottle
251-2516276_bisleri-mineral-water-bottle.png,9,9,285,374,1,full,unknown,water,Full  Water level/Full  Water level/251-2516276_bisleri-mineral-water-bottle.png,0.400647,yolo_best_non_bottle
251-2516276_bisleri-mineral-water-bottle_23_11zon.jpeg,0,0,820,881,1,full,unknown,water,Full  Water level/Full  Water level/251-2516276_bisleri-mineral-water-bottle_23_11zon.jpeg,0.000000,fallback_full_image
265718_9-kinley-drinking-water-with-added-minerals_46_11zon.jpeg,220,38,481,900,1,full,unknown,water,Full  Water level/Full  Water level/265718_9-kinley-drinking-water-with-added-minerals_46_11zon.jpeg,0.805698,yolo_best_non_bottle
265894-2_1-aquafina-packaged-drinking-water_27_11zon.jpeg,170,10,315,489,1,full,unknown,water,Full  Water level/Full  Water level/265894-2_1-aquafina-packaged-drinking-water_27_11zon.jpeg,0.515425,yolo_bottle
29-293621_water-bottle-png-image-one-plastic-bottle.png,289,49,619,1004,1,full,unknown,water,Full  Water level/Full  Water level/29-293621_water-bottle-png-image-one-plastic-bottle.png,0.313283,yolo_bottle
3-38514_free-png-free-png-plastic-water-bottle-png.png,307,42,513,660,1,full,unknown,water,Full  Water level/Full  Water level/3-38514_free-png-free-png-plastic-water-bottle-png.png,0.583554,yolo_best_non_bottle
300-ml-rockstar-bisleri-water-bottle-500x500-500x500_28_11zon.jpeg,122,75,363,408,1,full,unknown,water,Full  Water level/Full  Water level/300-ml-rockstar-bisleri-water-bottle-500x500-500x500_28_11zon.jpeg,0.411930,yolo_bottle
300ml-bisleri-mineral-water-bottle-500x500_25_11zon.jpeg,129,50,354,424,1,full,unknown,water,Full  Water level/Full  Water level/300ml-bisleri-mineral-water-bottle-500x500_25_11zon.jpeg,0.859062,yolo_bottle
300ml-bisleri-water-500x500_14_11zon.jpeg,0,0,333,500,1,full,unknown,water,Full  Water level/Full  Water level/300ml-bisleri-water-500x500_14_11zon.jpeg,0.000000,fallback_full_image
31Oc3kJvxaL_2_11zon.jpeg,212,13,288,258,1,full,unknown,water,Full  Water level/Full  Water level/31Oc3kJvxaL_2_11zon.jpeg,0.800124,yolo_bottle
360_F_4525555_jOV1LfMBSqSrUfcqL1uJy2yDPS0Doe7O_15_11zon.jpeg,50,24,156,340,1,full,unknown,water,Full  Water level/Full  Water level/360_F_4525555_jOV1LfMBSqSrUfcqL1uJy2yDPS0Doe7O_15_11zon.jpeg,0.779578,yolo_best_non_bottle
36646-6-dasani-water-bottle.png,325,4,589,787,1,full,unknown,water,Full  Water level/Full  Water level/36646-6-dasani-water-bottle.png,0.657039,yolo_best_non_bottle
38-388502_water-images-free-pngs-bottle-png-transparent-background.png,0,0,860,1120,1,full,unknown,water,Full  Water level/Full  Water level/38-388502_water-images-free-pngs-bottle-png-transparent-background.png,0.000000,fallback_full_image
39-393639_empty-water-bottle-png-transparent-png.png,0,0,860,1173,0,none,unknown,none,Full  Water level/Full  Water level/39-393639_empty-water-bottle-png-transparent-png.png,0.000000,fallback_full_image
3KnPinofHaKaQDaeRov3Qg-1200-80_6_11zon.jpeg,2,152,652,585,1,full,unknown,water,Full  Water level/Full  Water level/3KnPinofHaKaQDaeRov3Qg-1200-80_6_11zon.jpeg,0.677301,yolo_best_non_bottle
4-41984_aquafina-water-bottle-png-bisleri-mineral-water-2ltr.png,495,90,669,647,1,full,unknown,water,Full  Water level/Full  Water level/4-41984_aquafina-water-bottle-png-bisleri-mineral-water-2ltr.png,0.859126,yolo_bottle
40176644-2_8-bb-home-leo-plastic-pet-water-bottle-light-blue-wide-mouth_32_11zon.jpeg,183,27,317,449,1,full,unknown,water,Full  Water level/Full  Water level/40176644-2_8-bb-home-leo-plastic-pet-water-bottle-light-blue-wide-mouth_32_11zon.jpeg,0.798466,yolo_best_non_bottle
412087-2_1-bisleri-mineral-water_30_11zon.jpeg,170,6,331,485,1,full,unknown,water,Full  Water level/Full  Water level/412087-2_1-bisleri-mineral-water_30_11zon.jpeg,0.410785,yolo_bottle
412087_1-bisleri-mineral-water_29_11zon.jpeg,293,5,605,891,1,full,unknown,water,Full  Water level/Full  Water level/412087_1-bisleri-mineral-water_29_11zon.jpeg,0.705679,yolo_bottle
412087_1-bisleri-mineral-water_47_11zon.jpeg,293,5,605,891,1,full,unknown,water,Full  Water level/Full  Water level/412087_1-bisleri-mineral-water_47_11zon.jpeg,0.705679,yolo_bottle
422-4224272_19-liter-water-bottle-png-transparent-png.png,218,46,425,492,1,full,unknown,water,Full  Water level/Full  Water level/422-4224272_19-liter-water-bottle-png-transparent-png.png,0.774910,yolo_best_non_bottle
478-4784527_thumb-image-bisleri-water-bottle-500ml-price-hd.png,266,38,312,184,1,full,unknown,water,Full  Water level/Full  Water level/478-4784527_thumb-image-bisleri-water-bottle-500ml-price-hd.png,0.950907,yolo_bottle
500-ml-bisleri-water-bottle-500x500_16_11zon.jpeg,193,59,309,446,1,full,unknown,water,Full  Water level/Full  Water level/500-ml-bisleri-water-bottle-500x500_16_11zon.jpeg,0.772240,yolo_bottle
5233546650_83e1b54cbd_o_wide-8eedd32192c33d2396cfd48cfefdab7ea0066421-s1400-c100_37_11zon.jpeg,14,195,324,556,1,full,unknown,water,Full  Water level/Full  Water level/5233546650_83e1b54cbd_o_wide-8eedd32192c33d2396cfd48cfefdab7ea0066421-s1400-c100_37_11zon.jpeg,0.849225,yolo_bottle
5233546650_83e1b54cbd_o_wide-8eedd32192c33d2396cfd48cfefdab7ea0066421-s1400-c100_53_11zon.jpeg,14,195,324,556,1,full,unknown,water,Full  Water level/Full  Water level/5233546650_83e1b54cbd_o_wide-8eedd32192c33d2396cfd48cfefdab7ea0066421-s1400-c100_53_11zon.jpeg,0.849225,yolo_bottle
60040172_33_11zon.jpeg,0,0,450,468,1,full,unknown,water,Full  Water level/Full  Water level/60040172_33_11zon.jpeg,0.000000,fallback_full_image
607071a26c99ed00014a1add.png,184,29,412,870,1,full,unknown,water,Full  Water level/Full  Water level/607071a26c99ed00014a1add.png,0.299449,yolo_bottle
607edd61e8c88a000187af3b_18_11zon.jpeg,594,144,802,833,1,full,unknown,water,Full  Water level/Full  Water level/607edd61e8c88a000187af3b_18_11zon.jpeg,0.566791,yolo_bottle
6138fH7lkaL._SL1200__38_11zon.jpeg,16,35,1193,1183,1,full,unknown,water,Full  Water level/Full  Water level/6138fH7lkaL._SL1200__38_11zon.jpeg,0.384465,yolo_best_non_bottle
61KAmwTOrtL._SL1500__5_11zon.jpeg,519,156,983,1494,1,full,unknown,water,Full  Water level/Full  Water level/61KAmwTOrtL._SL1500__5_11zon.jpeg,0.254548,yolo_bottle
61KAmwTOrtL._SX569_PIbundle-48TopRight00_AA569SH20__16_11zon.jpeg,197,60,373,566,1,full,unknown,water,Full  Water level/Full  Water level/61KAmwTOrtL._SX569_PIbundle-48TopRight00_AA569SH20__16_11zon.jpeg,0.313162,yolo_bottle
61RQJt9jcS._SY550_PIbundle-12TopRight00_SX367SY550SH20__6_11zon.jpeg,120,50,247,479,1,full,unknown,water,Full  Water level/Full  Water level/61RQJt9jcS._SY550_PIbundle-12TopRight00_SX367SY550SH20__6_11zon.jpeg,0.777343,yolo_bottle
61WoM42xNuL._SL1500__7_11zon.jpeg,0,0,506,1500,1,full,unknown,water,Full  Water level/Full  Water level/61WoM42xNuL._SL1500__7_11zon.jpeg,0.000000,fallback_full_image
6d19d9a899ccf96773e77cd0ed028a3b.png,82,44,843,1044,1,full,unknown,water,Full  Water level/Full  Water level/6d19d9a899ccf96773e77cd0ed028a3b.png,0.332892,yolo_best_non_bottle
77597665-blank-bottle-with-white-label-for-design-uses-isolated-transparent-background_35_11zon.jpeg,469,130,822,1181,1,full,unknown,water,Full  Water level/Full  Water level/77597665-blank-bottle-with-white-label-for-design-uses-isolated-transparent-background_35_11zon.jpeg,0.706346,yolo_best_non_bottle
78788059_16_11zon.jpeg,223,191,460,1165,1,full,unknown,water,Full  Water level/Full  Water level/78788059_16_11zon.jpeg,0.549531,yolo_best_non_bottle
85456788b030f0eb468174fe388d7c9a_36_11zon.jpeg,193,90,443,911,1,full,unknown,water,Full  Water level/Full  Water level/85456788b030f0eb468174fe388d7c9a_36_11zon.jpeg,0.553246,yolo_best_non_bottle
9-99129_water-bottle-clipart-png.png,0,0,820,1165,1,full,unknown,water,Full  Water level/Full  Water level/9-99129_water-bottle-clipart-png.png,0.000000,fallback_full_image
a-pure-water-bottle-on-transparent-background-vector-26292383_39_11zon.jpeg,0,0,1000,1028,1,full,unknown,water,Full  Water level/Full  Water level/a-pure-water-bottle-on-transparent-background-vector-26292383_39_11zon.jpeg,0.000000,fallback_full_image
Add-a-subheading-23.png,188,90,322,477,1,full,unknown,water,Full  Water level/Full  Water level/Add-a-subheading-23.png,0.661079,yolo_bottle
aquafina-water_40_11zon.jpeg,124,15,576,549,1,full,unknown,water,Full  Water level/Full  Water level/aquafina-water_40_11zon.jpeg,0.759533,yolo_best_non_bottle
astic-clipping-path-disposable-container-on-white-background-isolated-P8EDF1_17_11zon.jpeg,267,77,592,1251,1,full,unknown,water,Full  Water level/Full  Water level/astic-clipping-path-disposable-container-on-white-background-isolated-P8EDF1_17_11zon.jpeg,0.378697,yolo_bottle
b2a0f528baf4fb6e58d78973d3328d98_57_11zon.jpeg,127,178,368,976,1,full,unknown,water,Full  Water level/Full  Water level/b2a0f528baf4fb6e58d78973d3328d98_57_11zon.jpeg,0.891115,yolo_bottle
b91e250fab79ac0266463ceab378d59b--small-bottles-mineral-water_42_11zon.jpeg,28,19,275,584,1,full,unknown,water,Full  Water level/Full  Water level/b91e250fab79ac0266463ceab378d59b--small-bottles-mineral-water_42_11zon.jpeg,0.504928,yolo_best_non_bottle
banner-02-product.png,366,166,443,398,1,full,unknown,water,Full  Water level/Full  Water level/banner-02-product.png,0.543931,yolo_bottle
banner-02-product_59_11zon.jpeg,366,166,442,398,1,full,unknown,water,Full  Water level/Full  Water level/banner-02-product_59_11zon.jpeg,0.573910,yolo_bottle
benefits-of-drinking-from-glass-water-bottle-health_g_60_11zon.jpeg,217,19,1024,809,1,full,unknown,water,Full  Water level/Full  Water level/benefits-of-drinking-from-glass-water-bottle-health_g_60_11zon.jpeg,0.522149,yolo_best_non_bottle
big-water-bottle-png-3.png,0,0,229,399,1,full,unknown,water,Full  Water level/Full  Water level/big-water-bottle-png-3.png,0.000000,fallback_full_image
bislari-water_63_11zon.jpeg,189,3,327,505,1,full,unknown,water,Full  Water level/Full  Water level/bislari-water_63_11zon.jpeg,0.456397,yolo_bottle
bisleri-1_71_11zon.jpeg,742,233,854,532,1,full,unknown,water,Full  Water level/Full  Water level/bisleri-1_71_11zon.jpeg,0.930883,yolo_bottle
bisleri-250ml-48bottles_45_11zon.jpeg,202,87,313,409,1,full,unknown,water,Full  Water level/Full  Water level/bisleri-250ml-48bottles_45_11zon.jpeg,0.592159,yolo_bottle
bisleri-300ml-glass-bottle-500x500_75_11zon.jpeg,161,163,258,490,1,full,unknown,water,Full  Water level/Full  Water level/bisleri-300ml-glass-bottle-500x500_75_11zon.jpeg,0.948682,yolo_bottle
Bisleri-_-1-ltr-1-1-300x300.png,114,31,182,272,1,full,unknown,water,Full  Water level/Full  Water level/Bisleri-_-1-ltr-1-1-300x300.png,0.758095,yolo_bottle
Bisleri-_-1-ltr-1-1_65_11zon.jpeg,236,63,377,561,1,full,unknown,water,Full  Water level/Full  Water level/Bisleri-_-1-ltr-1-1_65_11zon.jpeg,0.571701,yolo_bottle
Bisleri-_-250ml-1-1.png,232,100,383,556,1,full,unknown,water,Full  Water level/Full  Water level/Bisleri-_-250ml-1-1.png,0.629140,yolo_bottle
bisleri-box-bottle_77_11zon.jpeg,124,57,177,249,1,full,unknown,water,Full  Water level/Full  Water level/bisleri-box-bottle_77_11zon.jpeg,0.757872,yolo_bottle
bisleri-fake-bottels_6113b98af2628_46_11zon.jpeg,230,26,387,446,1,full,unknown,water,Full  Water level/Full  Water level/bisleri-fake-bottels_6113b98af2628_46_11zon.jpeg,0.963088,yolo_bottle
bisleri-mineral-water-06-01-21-4-219986630-to83b.png,166,89,290,546,1,full,unknown,water,Full  Water level/Full  Water level/bisleri-mineral-water-06-01-21-4-219986630-to83b.png,0.608390,yolo_bottle
bisleri-mineral-water1l_79_11zon.jpeg,177,51,330,538,1,full,unknown,water,Full  Water level/Full  Water level/bisleri-mineral-water1l_79_11zon.jpeg,0.922331,yolo_bottle
bisleri-packaged-drinking-water-250-ml-product-images-o490087986-p490087986-3-202203150247_81_11zon.jpeg,199,2,402,489,1,full,unknown,water,Full  Water level/Full  Water level/bisleri-packaged-drinking-water-250-ml-product-images-o490087986-p490087986-3-202203150247_81_11zon.jpeg,0.624898,yolo_bottle
bisleri-packaged-drinking-water-500-ml-product-images-o490007752-p490007752-0-202203170614_82_11zon.jpeg,126,13,308,593,1,full,unknown,water,Full  Water level/Full  Water level/bisleri-packaged-drinking-water-500-ml-product-images-o490007752-p490007752-0-202203170614_82_11zon.jpeg,0.277929,yolo_bottle
Bisleri-Rockstar-Drinking-Water-300-ml_48_11zon.jpeg,149,100,338,377,1,full,unknown,water,Full  Water level/Full  Water level/Bisleri-Rockstar-Drinking-Water-300-ml_48_11zon.jpeg,0.311239,yolo_bottle
bisleri-rockstar_47_11zon.jpeg,0,0,681,400,1,full,unknown,water,Full  Water level/Full  Water level/bisleri-rockstar_47_11zon.jpeg,0.000000,fallback_full_image
bisleri-water_49_11zon.jpeg,527,71,645,479,1,full,unknown,water,Full  Water level/Full  Water level/bisleri-water_49_11zon.jpeg,0.911885,yolo_bottle
Bisleri_1ltr_Tamil.png,18,9,523,1838,1,full,unknown,water,Full  Water level/Full  Water level/Bisleri_1ltr_Tamil.png,0.434053,yolo_bottle
Bisleri_43_11zon.jpeg,757,23,971,687,1,full,unknown,water,Full  Water level/Full  Water level/Bisleri_43_11zon.jpeg,0.843346,yolo_bottle
bisleri_500ml_mineral_water_bottle.png,76,61,118,226,1,full,unknown,water,Full  Water level/Full  Water level/bisleri_500ml_mineral_water_bottle.png,0.840722,yolo_bottle
bottled-water-bottle-plastic-grocery-store-1200x628-facebook_87_11zon.jpeg,130,273,323,623,1,full,unknown,water,Full  Water level/Full  Water level/bottled-water-bottle-plastic-grocery-store-1200x628-facebook_87_11zon.jpeg,0.841831,yolo_bottle
bottled-water-bottle-plastic-grocery-store-1296x728-header-1296x728_52_11zon.jpeg,142,300,351,727,1,full,unknown,water,Full  Water level/Full  Water level/bottled-water-bottle-plastic-grocery-store-1296x728-header-1296x728_52_11zon.jpeg,0.885568,yolo_bottle
brand-bisleri-spotlight-03_89_11zon.jpeg,350,49,563,580,1,full,unknown,water,Full  Water level/Full  Water level/brand-bisleri-spotlight-03_89_11zon.jpeg,0.623107,yolo_bottle
Bvvvi_33_11zon.jpeg,334,98,615,903,1,full,unknown,water,Full  Water level/Full  Water level/Bvvvi_33_11zon.jpeg,0.612114,yolo_bottle
cartoon-plastic-water-bottle-clip-art-vector_csp94674262_54_11zon.jpeg,0,0,212,519,1,full,unknown,water,Full  Water level/Full  Water level/cartoon-plastic-water-bottle-clip-art-vector_csp94674262_54_11zon.jpeg,0.000000,fallback_full_image
CERAMIC-STOPPERS6954-1-1_90_11zon.jpeg,1197,109,1404,897,1,full,unknown,water,Full  Water level/Full  Water level/CERAMIC-STOPPERS6954-1-1_90_11zon.jpeg,0.907879,yolo_bottle
claier-water-2142375323-2nhalo94_55_11zon.jpeg,189,112,418,754,1,full,unknown,water,Full  Water level/Full  Water level/claier-water-2142375323-2nhalo94_55_11zon.jpeg,0.894513,yolo_bottle
close-up-detail-of-buxton-natural-mineral-water-bottle-and-label-2BJCP6X_57_11zon.jpeg,0,2,548,1283,1,full,unknown,water,Full  Water level/Full  Water level/close-up-detail-of-buxton-natural-mineral-water-bottle-and-label-2BJCP6X_57_11zon.jpeg,0.879224,yolo_bottle
cLv94w2ivY_Bisleri20Packaged20Drinking20Water_58_11zon.jpeg,0,0,600,600,1,full,unknown,water,Full  Water level/Full  Water level/cLv94w2ivY_Bisleri20Packaged20Drinking20Water_58_11zon.jpeg,0.000000,fallback_full_image
Custom-Logo-Beer-Bottles-Sport-Water-Glass-Clear-Drink-Water-Bottle-Aesthetic-Glass-Water-Bottle_59_11zon.jpeg,225,62,353,344,1,full,unknown,water,Full  Water level/Full  Water level/Custom-Logo-Beer-Bottles-Sport-Water-Glass-Clear-Drink-Water-Bottle-Aesthetic-Glass-Water-Bottle_59_11zon.jpeg,0.659608,yolo_bottle
d-blue-cap-healthy-drink-collection-of-plastic-bottle-with-full-liquid-photo2_62_11zon.jpeg,1021,300,1403,1843,1,full,unknown,water,Full  Water level/Full  Water level/d-blue-cap-healthy-drink-collection-of-plastic-bottle-with-full-liquid-photo2_62_11zon.jpeg,0.688750,yolo_bottle
d-blue-cap-healthy-drink-collection-of-plastic-bottle-with-full-liquid-photo_61_11zon.jpeg,786,277,895,619,1,full,unknown,water,Full  Water level/Full  Water level/d-blue-cap-healthy-drink-collection-of-plastic-bottle-with-full-liquid-photo_61_11zon.jpeg,0.552325,yolo_bottle
d-image-plastic-water-bottle-blank-background-vector-illustration_1284-67608_64_11zon.jpeg,136,55,290,392,1,full,unknown,water,Full  Water level/Full  Water level/d-image-plastic-water-bottle-blank-background-vector-illustration_1284-67608_64_11zon.jpeg,0.304359,yolo_best_non_bottle
depositphotos_390364646-stock-photo-small-bottle-of-mineral-water_63_11zon.jpeg,259,119,711,1564,1,full,unknown,water,Full  Water level/Full  Water level/depositphotos_390364646-stock-photo-small-bottle-of-mineral-water_63_11zon.jpeg,0.721916,yolo_best_non_bottle
depositphotos_390364646-stock-photo-small-bottle-of-mineral-water_63_11zon_2_11zon.jpeg,259,118,711,1564,1,full,unknown,water,Full  Water level/Full  Water level/depositphotos_390364646-stock-photo-small-bottle-of-mineral-water_63_11zon_2_11zon.jpeg,0.714983,yolo_best_non_bottle
Dino-mobile-banner_91_11zon.jpeg,49,285,150,608,1,full,unknown,water,Full  Water level/Full  Water level/Dino-mobile-banner_91_11zon.jpeg,0.928048,yolo_bottle
disposable-transparent-plastic-mineral-water-bottle-mockup_47987-4284_65_11zon.jpeg,0,0,626,470,1,full,unknown,water,Full  Water level/Full  Water level/disposable-transparent-plastic-mineral-water-bottle-mockup_47987-4284_65_11zon.jpeg,0.000000,fallback_full_image
download (17)_93_11zon.jpeg,144,1,193,165,1,full,unknown,water,Full  Water level/Full  Water level/download (17)_93_11zon.jpeg,0.917264,yolo_bottle
download (19)_94_11zon.jpeg,180,9,228,100,1,full,unknown,water,Full  Water level/Full  Water level/download (19)_94_11zon.jpeg,0.453397,yolo_bottle
download (8)_92_11zon.jpeg,0,0,224,225,1,full,unknown,water,Full  Water level/Full  Water level/download (8)_92_11zon.jpeg,0.000000,fallback_full_image
drink-water-beverage-bottle-transparent-png.png,337,106,617,895,1,full,unknown,water,Full  Water level/Full  Water level/drink-water-beverage-bottle-transparent-png.png,0.463087,yolo_bottle
drinking-water-bottle-png-7.png,0,0,320,320,1,full,unknown,water,Full  Water level/Full  Water level/drinking-water-bottle-png-7.png,0.000000,fallback_full_image
empty-clear-drinking-water-bottle-studio-shot-isolated-on-white-background-J7YDN2_66_11zon.jpeg,494,226,803,1279,0,none,unknown,none,Full  Water level/Full  Water level/empty-clear-drinking-water-bottle-studio-shot-isolated-on-white-background-J7YDN2_66_11zon.jpeg,0.508313,yolo_bottle
er-beneficial-for-the-brain-and-can-help-improve-cognitive-function-368-w300_97_11zon.jpeg,88,59,214,269,1,full,unknown,water,Full  Water level/Full  Water level/er-beneficial-for-the-brain-and-can-help-improve-cognitive-function-368-w300_97_11zon.jpeg,0.717442,yolo_bottle
FExdg_zVEAcs2Fz_101_11zon.jpeg,971,137,1094,587,1,full,unknown,water,Full  Water level/Full  Water level/FExdg_zVEAcs2Fz_101_11zon.jpeg,0.936922,yolo_bottle
filled-mineral-water-bottle-500x500_102_11zon.jpeg,176,15,313,476,1,full,unknown,water,Full  Water level/Full  Water level/filled-mineral-water-bottle-500x500_102_11zon.jpeg,0.872846,yolo_bottle
filled-mineral-water-bottle-500x500_102_11zon_3_11zon.jpeg,176,14,313,476,1,full,unknown,water,Full  Water level/Full  Water level/filled-mineral-water-bottle-500x500_102_11zon_3_11zon.jpeg,0.869164,yolo_bottle
fO4Ttp-water-bottle-vector.png,96,56,293,586,1,full,unknown,water,Full  Water level/Full  Water level/fO4Ttp-water-bottle-vector.png,0.272703,yolo_bottle
focused_163007552-stock-photo-row-transparent-water-bottles-white_69_11zon.jpeg,60,217,635,1753,1,full,unknown,water,Full  Water level/Full  Water level/focused_163007552-stock-photo-row-transparent-water-bottles-white_69_11zon.jpeg,0.598615,yolo_best_non_bottle
forbes-water-bottle-shifting-grounds-nature-5.png,223,91,390,600,1,full,unknown,water,Full  Water level/Full  Water level/forbes-water-bottle-shifting-grounds-nature-5.png,0.341120,yolo_bottle
free-png-plastic-water-bottle-png-11519803083hnhiljypmg.png,272,17,567,859,1,full,unknown,water,Full  Water level/Full  Water level/free-png-plastic-water-bottle-png-11519803083hnhiljypmg.png,0.473887,yolo_best_non_bottle
front-view-of-big-plastic-water-bottle-with-blank-label-ioslated-on-HC3GTA_70_11zon.jpeg,180,126,653,1160,1,full,unknown,water,Full  Water level/Full  Water level/front-view-of-big-plastic-water-bottle-with-blank-label-ioslated-on-HC3GTA_70_11zon.jpeg,0.813388,yolo_best_non_bottle
g-water-transparent-vector-illustration-isolated-on-white-background-2DTWCP0_71_11zon.jpeg,906,267,1171,1128,1,full,unknown,water,Full  Water level/Full  Water level/g-water-transparent-vector-illustration-isolated-on-white-background-2DTWCP0_71_11zon.jpeg,0.795666,yolo_best_non_bottle
GettyImages-84588407-f290ded_104_11zon.jpeg,490,10,663,522,1,full,unknown,water,Full  Water level/Full  Water level/GettyImages-84588407-f290ded_104_11zon.jpeg,0.786195,yolo_best_non_bottle
H3025331bc6ea44cb920d05cfcfac92f7x_72_11zon.jpeg,468,192,648,928,1,full,unknown,water,Full  Water level/Full  Water level/H3025331bc6ea44cb920d05cfcfac92f7x_72_11zon.jpeg,0.813328,yolo_bottle
hd-hand-holding-water-plastic-bottle-png-31625532532xqlew4dnsf.png,162,6,363,389,1,full,unknown,water,Full  Water level/Full  Water level/hd-hand-holding-water-plastic-bottle-png-31625532532xqlew4dnsf.png,0.351980,yolo_bottle
Hd6e5a8bef9e94fd4b5ad9fc7b693ed84n_73_11zon.jpeg,249,163,405,596,1,full,unknown,water,Full  Water level/Full  Water level/Hd6e5a8bef9e94fd4b5ad9fc7b693ed84n_73_11zon.jpeg,0.649704,yolo_bottle
ill-water-transparent-bottle-still-water-isolated-white-background-154615392_74_11zon.jpeg,99,49,320,846,1,full,unknown,water,Full  Water level/Full  Water level/ill-water-transparent-bottle-still-water-isolated-white-background-154615392_74_11zon.jpeg,0.448592,yolo_best_non_bottle
image19.jpeg,0,0,139,362,1,full,unknown,water,Full  Water level/Full  Water level/image19.jpeg,0.000000,fallback_full_image
images (1)_117_11zon.jpeg,66,15,143,222,1,full,unknown,water,Full  Water level/Full  Water level/images (1)_117_11zon.jpeg,0.624318,yolo_bottle
images (10)_120_11zon.jpeg,129,23,170,108,1,full,unknown,water,Full  Water level/Full  Water level/images (10)_120_11zon.jpeg,0.480305,yolo_bottle
images (11)_121_11zon.jpeg,92,22,147,202,1,full,unknown,water,Full  Water level/Full  Water level/images (11)_121_11zon.jpeg,0.580030,yolo_bottle
images (12)_122_11zon.jpeg,101,22,146,167,1,full,unknown,water,Full  Water level/Full  Water level/images (12)_122_11zon.jpeg,0.702417,yolo_best_non_bottle
images (13)_123_11zon.jpeg,4,47,249,137,1,full,unknown,water,Full  Water level/Full  Water level/images (13)_123_11zon.jpeg,0.348789,yolo_best_non_bottle
images (14)_124_11zon.jpeg,0,0,225,225,1,full,unknown,water,Full  Water level/Full  Water level/images (14)_124_11zon.jpeg,0.000000,fallback_full_image
images (18)_125_11zon.jpeg,158,35,201,204,1,full,unknown,water,Full  Water level/Full  Water level/images (18)_125_11zon.jpeg,0.911271,yolo_bottle
images (19)_126_11zon.jpeg,100,2,152,176,1,full,unknown,water,Full  Water level/Full  Water level/images (19)_126_11zon.jpeg,0.775107,yolo_bottle
images (2)_118_11zon.jpeg,192,51,229,139,1,full,unknown,water,Full  Water level/Full  Water level/images (2)_118_11zon.jpeg,0.856117,yolo_bottle
images (21)_127_11zon.jpeg,0,0,225,225,1,full,unknown,water,Full  Water level/Full  Water level/images (21)_127_11zon.jpeg,0.000000,fallback_full_image
images (22)_128_11zon.jpeg,162,9,204,178,1,full,unknown,water,Full  Water level/Full  Water level/images (22)_128_11zon.jpeg,0.839543,yolo_bottle
images (4)_119_11zon.jpeg,122,23,174,220,1,full,unknown,water,Full  Water level/Full  Water level/images (4)_119_11zon.jpeg,0.372795,yolo_best_non_bottle
images111_199_11zon.jpeg,130,4,168,143,1,full,unknown,water,Full  Water level/Full  Water level/images111_199_11zon.jpeg,0.932023,yolo_bottle
images119_203_11zon.jpeg,0,0,221,228,1,full,unknown,water,Full  Water level/Full  Water level/images119_203_11zon.jpeg,0.000000,fallback_full_image
images120_204_11zon.jpeg,0,0,262,192,1,full,unknown,water,Full  Water level/Full  Water level/images120_204_11zon.jpeg,0.000000,fallback_full_image
images123_207_11zon.jpeg,86,55,144,218,1,full,unknown,water,Full  Water level/Full  Water level/images123_207_11zon.jpeg,0.742621,yolo_bottle
images127_210_11zon.jpeg,66,51,113,187,1,full,unknown,water,Full  Water level/Full  Water level/images127_210_11zon.jpeg,0.795334,yolo_bottle
images132_213_11zon.jpeg,19,80,116,353,1,full,unknown,water,Full  Water level/Full  Water level/images132_213_11zon.jpeg,0.441471,yolo_bottle
images134_215_11zon.jpeg,32,38,145,231,1,full,unknown,water,Full  Water level/Full  Water level/images134_215_11zon.jpeg,0.473110,yolo_bottle
images135_216_11zon.jpeg,61,51,163,216,1,full,unknown,water,Full  Water level/Full  Water level/images135_216_11zon.jpeg,0.662798,yolo_bottle
images167_237_11zon.jpeg,48,8,157,202,1,full,unknown,water,Full  Water level/Full  Water level/images167_237_11zon.jpeg,0.702915,yolo_bottle
images169_238_11zon.jpeg,0,0,225,225,1,full,unknown,water,Full  Water level/Full  Water level/images169_238_11zon.jpeg,0.000000,fallback_full_image
images170_239_11zon.jpeg,75,121,101,183,1,full,unknown,water,Full  Water level/Full  Water level/images170_239_11zon.jpeg,0.295293,yolo_bottle
images174_241_11zon.jpeg,149,2,213,187,1,full,unknown,water,Full  Water level/Full  Water level/images174_241_11zon.jpeg,0.289268,yolo_best_non_bottle
images177_242_11zon.jpeg,13,39,137,287,1,full,unknown,water,Full  Water level/Full  Water level/images177_242_11zon.jpeg,0.609646,yolo_bottle
images188_250_11zon.jpeg,188,12,248,180,1,full,unknown,water,Full  Water level/Full  Water level/images188_250_11zon.jpeg,0.852324,yolo_bottle
images18_137_11zon.jpeg,48,35,98,160,1,full,unknown,water,Full  Water level/Full  Water level/images18_137_11zon.jpeg,0.262212,yolo_bottle
images190_251_11zon.jpeg,88,44,136,213,1,full,unknown,water,Full  Water level/Full  Water level/images190_251_11zon.jpeg,0.693064,yolo_bottle
images190_79_11zon.jpeg,35,9,186,229,1,full,unknown,water,Full  Water level/Full  Water level/images190_79_11zon.jpeg,0.728685,yolo_best_non_bottle
images197_254_11zon.jpeg,77,13,131,182,1,full,unknown,water,Full  Water level/Full  Water level/images197_254_11zon.jpeg,0.818026,yolo_bottle
images198_255_11zon.jpeg,56,34,102,135,1,full,unknown,water,Full  Water level/Full  Water level/images198_255_11zon.jpeg,0.806180,yolo_bottle
images213_262_11zon.jpeg,231,33,262,141,1,full,unknown,water,Full  Water level/Full  Water level/images213_262_11zon.jpeg,0.883502,yolo_bottle
images219_265_11zon.jpeg,0,0,262,192,1,full,unknown,water,Full  Water level/Full  Water level/images219_265_11zon.jpeg,0.000000,fallback_full_image
images222_267_11zon.jpeg,81,63,174,202,1,full,unknown,water,Full  Water level/Full  Water level/images222_267_11zon.jpeg,0.849846,yolo_bottle
images223_268_11zon.jpeg,46,36,89,60,1,full,unknown,water,Full  Water level/Full  Water level/images223_268_11zon.jpeg,0.253222,yolo_best_non_bottle
images229_271_11zon.jpeg,126,22,180,106,1,full,unknown,water,Full  Water level/Full  Water level/images229_271_11zon.jpeg,0.366378,yolo_bottle
images235_274_11zon.jpeg,62,64,100,198,1,full,unknown,water,Full  Water level/Full  Water level/images235_274_11zon.jpeg,0.468733,yolo_bottle
images250_284_11zon.jpeg,0,1,130,383,1,full,unknown,water,Full  Water level/Full  Water level/images250_284_11zon.jpeg,0.516801,yolo_bottle
images259_287_11zon.jpeg,83,5,159,283,1,full,unknown,water,Full  Water level/Full  Water level/images259_287_11zon.jpeg,0.264474,yolo_bottle
images26_144_11zon.jpeg,3,3,112,400,1,full,unknown,water,Full  Water level/Full  Water level/images26_144_11zon.jpeg,0.524716,yolo_bottle
images271_296_11zon.jpeg,224,13,275,134,1,full,unknown,water,Full  Water level/Full  Water level/images271_296_11zon.jpeg,0.585123,yolo_bottle
images275_297_11zon.jpeg,9,39,55,128,1,full,unknown,water,Full  Water level/Full  Water level/images275_297_11zon.jpeg,0.926817,yolo_bottle
images276_298_11zon.jpeg,70,34,121,183,1,full,unknown,water,Full  Water level/Full  Water level/images276_298_11zon.jpeg,0.910409,yolo_bottle
images277_299_11zon.jpeg,0,0,190,266,1,full,unknown,water,Full  Water level/Full  Water level/images277_299_11zon.jpeg,0.000000,fallback_full_image
images278_300_11zon.jpeg,87,38,139,213,1,full,unknown,water,Full  Water level/Full  Water level/images278_300_11zon.jpeg,0.735744,yolo_bottle
images27_76_11zon.jpeg,0,1,106,187,1,full,unknown,water,Full  Water level/Full  Water level/images27_76_11zon.jpeg,0.370327,yolo_bottle
images282_303_11zon.jpeg,96,41,149,195,1,full,unknown,water,Full  Water level/Full  Water level/images282_303_11zon.jpeg,0.884942,yolo_bottle
images293_308_11zon.jpeg,59,0,136,99,1,full,unknown,water,Full  Water level/Full  Water level/images293_308_11zon.jpeg,0.700023,yolo_bottle
images296_311_11zon.jpeg,24,1,144,257,1,full,unknown,water,Full  Water level/Full  Water level/images296_311_11zon.jpeg,0.374528,yolo_best_non_bottle
images2_129_11zon.jpeg,128,142,207,191,1,full,unknown,water,Full  Water level/Full  Water level/images2_129_11zon.jpeg,0.445620,yolo_best_non_bottle
images312_322_11zon.jpeg,5,37,64,277,1,full,unknown,water,Full  Water level/Full  Water level/images312_322_11zon.jpeg,0.781558,yolo_bottle
images318_325_11zon.jpeg,1,3,271,182,1,full,unknown,water,Full  Water level/Full  Water level/images318_325_11zon.jpeg,0.562089,yolo_best_non_bottle
images322_327_11zon.jpeg,79,27,145,130,1,full,unknown,water,Full  Water level/Full  Water level/images322_327_11zon.jpeg,0.579734,yolo_bottle
images32_148_11zon.jpeg,18,117,62,267,1,full,unknown,water,Full  Water level/Full  Water level/images32_148_11zon.jpeg,0.854735,yolo_bottle
images332_334_11zon.jpeg,3,6,225,225,1,full,unknown,water,Full  Water level/Full  Water level/images332_334_11zon.jpeg,0.307298,yolo_best_non_bottle
images333_335_11zon.jpeg,95,22,143,161,1,full,unknown,water,Full  Water level/Full  Water level/images333_335_11zon.jpeg,0.627949,yolo_bottle
images334_336_11zon.jpeg,166,74,200,175,1,full,unknown,water,Full  Water level/Full  Water level/images334_336_11zon.jpeg,0.476905,yolo_bottle
images341_340_11zon.jpeg,23,189,64,259,1,full,unknown,water,Full  Water level/Full  Water level/images341_340_11zon.jpeg,0.877440,yolo_bottle
images343_342_11zon.jpeg,108,15,174,176,1,full,unknown,water,Full  Water level/Full  Water level/images343_342_11zon.jpeg,0.866889,yolo_bottle
images345_343_11zon.jpeg,190,28,232,140,1,full,unknown,water,Full  Water level/Full  Water level/images345_343_11zon.jpeg,0.608080,yolo_bottle
images347_345_11zon.jpeg,187,23,215,129,1,full,unknown,water,Full  Water level/Full  Water level/images347_345_11zon.jpeg,0.913493,yolo_bottle
images353_349_11zon.jpeg,8,99,177,246,1,full,unknown,water,Full  Water level/Full  Water level/images353_349_11zon.jpeg,0.418628,yolo_best_non_bottle
images356_351_11zon.jpeg,175,105,219,182,1,full,unknown,water,Full  Water level/Full  Water level/images356_351_11zon.jpeg,0.335432,yolo_best_non_bottle
images360_354_11zon.jpeg,0,0,293,172,1,full,unknown,water,Full  Water level/Full  Water level/images360_354_11zon.jpeg,0.000000,fallback_full_image
images367_358_11zon.jpeg,20,2,122,312,1,full,unknown,water,Full  Water level/Full  Water level/images367_358_11zon.jpeg,0.405832,yolo_bottle
images373_362_11zon.jpeg,0,121,90,271,1,full,unknown,water,Full  Water level/Full  Water level/images373_362_11zon.jpeg,0.905218,yolo_bottle
images374_363_11zon.jpeg,55,1,253,188,1,full,unknown,water,Full  Water level/Full  Water level/images374_363_11zon.jpeg,0.313744,yolo_best_non_bottle
images375_364_11zon.jpeg,104,33,160,185,1,full,unknown,water,Full  Water level/Full  Water level/images375_364_11zon.jpeg,0.836248,yolo_bottle
images381_367_11zon.jpeg,1,51,77,178,1,full,unknown,water,Full  Water level/Full  Water level/images381_367_11zon.jpeg,0.735885,yolo_bottle
images38_152_11zon.jpeg,79,0,134,173,1,full,unknown,water,Full  Water level/Full  Water level/images38_152_11zon.jpeg,0.929430,yolo_bottle
images397_378_11zon.jpeg,171,52,220,164,1,full,unknown,water,Full  Water level/Full  Water level/images397_378_11zon.jpeg,0.764317,yolo_bottle
images398_379_11zon.jpeg,155,50,188,192,1,full,unknown,water,Full  Water level/Full  Water level/images398_379_11zon.jpeg,0.650788,yolo_bottle
images399_380_11zon.jpeg,97,23,146,191,1,full,unknown,water,Full  Water level/Full  Water level/images399_380_11zon.jpeg,0.870021,yolo_bottle
images407_384_11zon.jpeg,18,170,50,272,1,full,unknown,water,Full  Water level/Full  Water level/images407_384_11zon.jpeg,0.876383,yolo_bottle
images430_395_11zon.jpeg,0,0,286,176,1,full,unknown,water,Full  Water level/Full  Water level/images430_395_11zon.jpeg,0.000000,fallback_full_image
images435_398_11zon.jpeg,64,130,123,222,1,full,unknown,water,Full  Water level/Full  Water level/images435_398_11zon.jpeg,0.359558,yolo_best_non_bottle
images438_401_11zon.jpeg,183,16,262,190,1,full,unknown,water,Full  Water level/Full  Water level/images438_401_11zon.jpeg,0.918498,yolo_bottle
images444_404_11zon.jpeg,111,55,168,260,1,full,unknown,water,Full  Water level/Full  Water level/images444_404_11zon.jpeg,0.775747,yolo_bottle
images44_157_11zon.jpeg,73,7,121,169,1,full,unknown,water,Full  Water level/Full  Water level/images44_157_11zon.jpeg,0.919529,yolo_bottle
images483_423_11zon.jpeg,116,2,185,179,1,full,unknown,water,Full  Water level/Full  Water level/images483_423_11zon.jpeg,0.373992,yolo_bottle
images487_425_11zon.jpeg,5,208,58,265,1,full,unknown,water,Full  Water level/Full  Water level/images487_425_11zon.jpeg,0.315911,yolo_best_non_bottle
images48_161_11zon.jpeg,167,46,204,155,1,full,unknown,water,Full  Water level/Full  Water level/images48_161_11zon.jpeg,0.917542,yolo_bottle
images49_162_11zon.jpeg,113,34,165,220,1,full,unknown,water,Full  Water level/Full  Water level/images49_162_11zon.jpeg,0.897786,yolo_bottle
images527_449_11zon.jpeg,65,14,128,217,1,full,unknown,water,Full  Water level/Full  Water level/images527_449_11zon.jpeg,0.252700,yolo_best_non_bottle
images52_163_11zon.jpeg,13,70,64,166,1,full,unknown,water,Full  Water level/Full  Water level/images52_163_11zon.jpeg,0.866895,yolo_bottle
images569_472_11zon.jpeg,89,7,300,165,1,full,unknown,water,Full  Water level/Full  Water level/images569_472_11zon.jpeg,0.517108,yolo_best_non_bottle
images56_77_11zon.jpeg,175,16,222,188,1,full,unknown,water,Full  Water level/Full  Water level/images56_77_11zon.jpeg,0.724374,yolo_bottle
images5_131_11zon.jpeg,199,58,252,165,1,full,unknown,water,Full  Water level/Full  Water level/images5_131_11zon.jpeg,0.589184,yolo_bottle
images63_168_11zon.jpeg,55,75,91,166,1,full,unknown,water,Full  Water level/Full  Water level/images63_168_11zon.jpeg,0.905560,yolo_bottle
images65_169_11zon.jpeg,114,11,181,170,1,full,unknown,water,Full  Water level/Full  Water level/images65_169_11zon.jpeg,0.950511,yolo_bottle
images66_170_11zon.jpeg,20,91,49,196,1,full,unknown,water,Full  Water level/Full  Water level/images66_170_11zon.jpeg,0.865737,yolo_bottle
images73_175_11zon.jpeg,47,3,116,223,1,full,unknown,water,Full  Water level/Full  Water level/images73_175_11zon.jpeg,0.667079,yolo_bottle
images77_178_11zon.jpeg,128,3,174,166,1,full,unknown,water,Full  Water level/Full  Water level/images77_178_11zon.jpeg,0.911186,yolo_bottle
images7_132_11zon.jpeg,171,2,212,191,1,full,unknown,water,Full  Water level/Full  Water level/images7_132_11zon.jpeg,0.545426,yolo_best_non_bottle
images98_191_11zon.jpeg,7,56,70,167,1,full,unknown,water,Full  Water level/Full  Water level/images98_191_11zon.jpeg,0.940843,yolo_bottle
IMG20221210152610_4_11zon.jpeg,599,503,1398,3616,1,full,unknown,water,Full  Water level/Full  Water level/IMG20221210152610_4_11zon.jpeg,0.595761,yolo_bottle
IMG20221210152612_5_11zon.jpeg,571,441,1376,3510,1,full,unknown,water,Full  Water level/Full  Water level/IMG20221210152612_5_11zon.jpeg,0.655018,yolo_bottle
IMG20221226130625_6_11zon.jpeg,692,1017,1313,3265,1,full,unknown,water,Full  Water level/Full  Water level/IMG20221226130625_6_11zon.jpeg,0.858933,yolo_bottle
IMG20221226130626_7_11zon.jpeg,741,958,1361,3191,1,full,unknown,water,Full  Water level/Full  Water level/IMG20221226130626_7_11zon.jpeg,0.868879,yolo_bottle
IMG20221226130635_8_11zon.jpeg,642,424,1372,3160,1,full,unknown,water,Full  Water level/Full  Water level/IMG20221226130635_8_11zon.jpeg,0.281792,yolo_bottle
IMG20221226130925_9_11zon.jpeg,359,2957,2013,4477,1,full,unknown,water,Full  Water level/Full  Water level/IMG20221226130925_9_11zon.jpeg,0.840543,yolo_best_non_bottle
IMG20221226130928_10_11zon.jpeg,422,2912,2014,4479,1,full,unknown,water,Full  Water level/Full  Water level/IMG20221226130928_10_11zon.jpeg,0.678964,yolo_best_non_bottle
INbQDDgavbLjLXAcTiZU_478_11zon.jpeg,426,26,564,507,1,full,unknown,water,Full  Water level/Full  Water level/INbQDDgavbLjLXAcTiZU_478_11zon.jpeg,0.896809,yolo_bottle
jaipur-rajasthan-india-october-18-260nw-1838387299_479_11zon.jpeg,141,35,181,153,1,full,unknown,water,Full  Water level/Full  Water level/jaipur-rajasthan-india-october-18-260nw-1838387299_479_11zon.jpeg,0.879029,yolo_bottle
kingfisher-250ml-250x250.png,88,10,164,235,1,full,unknown,water,Full  Water level/Full  Water level/kingfisher-250ml-250x250.png,0.529294,yolo_bottle
Lapaas-Multicolour-Water-Bottle-Pack-SDL053428366-1-854e7.jpeg,26,17,267,902,1,full,unknown,water,Full  Water level/Full  Water level/Lapaas-Multicolour-Water-Bottle-Pack-SDL053428366-1-854e7.jpeg,0.774324,yolo_best_non_bottle
lastic-water-bottle-black-and-white-isolated-white-background-for-1700327974_81_11zon.jpeg,319,75,688,1326,1,full,unknown,water,Full  Water level/Full  Water level/lastic-water-bottle-black-and-white-isolated-white-background-for-1700327974_81_11zon.jpeg,0.265139,yolo_best_non_bottle
le-is-placed-on-dining-table-with-2-glasses-udaipur-india-march-2020-2B7TJWH_482_11zon.jpeg,357,40,602,831,1,full,unknown,water,Full  Water level/Full  Water level/le-is-placed-on-dining-table-with-2-glasses-udaipur-india-march-2020-2B7TJWH_482_11zon.jpeg,0.899416,yolo_bottle
ll-object-bluer-classic-water-bottle-with-cap-container-for-drink-beverage-l_83_11zon.jpeg,207,183,585,1152,1,full,unknown,water,Full  Water level/Full  Water level/ll-object-bluer-classic-water-bottle-with-cap-container-for-drink-beverage-l_83_11zon.jpeg,0.900278,yolo_best_non_bottle
Microplastics-found-in-Nestle-and-Danone-bottled-waters_488_11zon.jpeg,0,0,750,500,0,none,unknown,none,Full  Water level/Full  Water level/Microplastics-found-in-Nestle-and-Danone-bottled-waters_488_11zon.jpeg,0.000000,fallback_full_image
n1zIMv-water-bottle-on-hands-photos.png,126,27,281,327,1,full,unknown,water,Full  Water level/Full  Water level/n1zIMv-water-bottle-on-hands-photos.png,0.339236,yolo_bottle
Numbers_Behind_Water_Bottles2_099693d4-be78-45e8-bc4c-007319ffe0ac_1024x1024_493_11zon.jpeg,414,294,568,433,1,full,unknown,water,Full  Water level/Full  Water level/Numbers_Behind_Water_Bottles2_099693d4-be78-45e8-bc4c-007319ffe0ac_1024x1024_493_11zon.jpeg,0.633872,yolo_best_non_bottle
o02MbFGeigvAvJ38657f_84_11zon.jpeg,97,96,262,369,1,full,unknown,water,Full  Water level/Full  Water level/o02MbFGeigvAvJ38657f_84_11zon.jpeg,0.734728,yolo_best_non_bottle
our-brands-bisleri-bottle-new.png,41,282,150,612,1,full,unknown,water,Full  Water level/Full  Water level/our-brands-bisleri-bottle-new.png,0.728757,yolo_bottle
packaged-mineral-water-bottle-500x500_86_11zon.jpeg,304,149,388,458,1,full,unknown,water,Full  Water level/Full  Water level/packaged-mineral-water-bottle-500x500_86_11zon.jpeg,0.884564,yolo_bottle
packaged-water-pepsico-coca-cola-bisleri-have-valid-license_499_11zon.jpeg,535,271,697,883,1,full,unknown,water,Full  Water level/Full  Water level/packaged-water-pepsico-coca-cola-bisleri-have-valid-license_499_11zon.jpeg,0.915619,yolo_bottle
pakaged-drinking-water-960x635_87_11zon.jpeg,283,64,410,466,1,full,unknown,water,Full  Water level/Full  Water level/pakaged-drinking-water-960x635_87_11zon.jpeg,0.927896,yolo_bottle
pet-water-bottle-1516451477-3595902_501_11zon.jpeg,99,59,208,346,1,full,unknown,water,Full  Water level/Full  Water level/pet-water-bottle-1516451477-3595902_501_11zon.jpeg,0.441848,yolo_best_non_bottle
Plastic-bottle-of-drinking-water-isolated-on-transparent-background-PNG.png,18,18,472,1497,1,full,unknown,water,Full  Water level/Full  Water level/Plastic-bottle-of-drinking-water-isolated-on-transparent-background-PNG.png,0.436953,yolo_best_non_bottle
plastic-bottle-water-isolated-white-background_185193-89223_63_11zon.jpeg,246,49,381,370,1,full,unknown,water,Full  Water level/Full  Water level/plastic-bottle-water-isolated-white-background_185193-89223_63_11zon.jpeg,0.298642,yolo_best_non_bottle
plastic-bottle-with-mineral-water-on-eps-vector_csp55752343_88_11zon.jpeg,179,35,317,466,1,full,unknown,water,Full  Water level/Full  Water level/plastic-bottle-with-mineral-water-on-eps-vector_csp55752343_88_11zon.jpeg,0.475980,yolo_best_non_bottle
plastics-water-bottle-500x500_502_11zon.jpeg,151,37,301,460,1,full,unknown,water,Full  Water level/Full  Water level/plastics-water-bottle-500x500_502_11zon.jpeg,0.372953,yolo_bottle
prod-20220126-1301495440442809749765815-jpg-500x500_505_11zon.jpeg,0,0,500,500,1,full,unknown,water,Full  Water level/Full  Water level/prod-20220126-1301495440442809749765815-jpg-500x500_505_11zon.jpeg,0.000000,fallback_full_image
product-jpeg-500x500.jpeg,187,25,306,404,1,full,unknown,water,Full  Water level/Full  Water level/product-jpeg-500x500.jpeg,0.301303,yolo_bottle
purified-mineral-water-bottle-500x500_89_11zon.jpeg,254,41,350,453,1,full,unknown,water,Full  Water level/Full  Water level/purified-mineral-water-bottle-500x500_89_11zon.jpeg,0.582650,yolo_bottle
QlX56rZcNalfxW4SNKcT_90_11zon.jpeg,0,0,642,692,1,full,unknown,water,Full  Water level/Full  Water level/QlX56rZcNalfxW4SNKcT_90_11zon.jpeg,0.000000,fallback_full_image
r-close-up-white-background-open-plastic-transparent-bottle-filled-203494651_92_11zon.jpeg,161,105,427,814,1,full,unknown,water,Full  Water level/Full  Water level/r-close-up-white-background-open-plastic-transparent-bottle-filled-203494651_92_11zon.jpeg,0.398802,yolo_best_non_bottle
ration-banner-small-drinking-plastic-bottle-water-with-splash-dr_134830-1308_91_11zon.jpeg,144,70,249,406,1,full,unknown,water,Full  Water level/Full  Water level/ration-banner-small-drinking-plastic-bottle-water-with-splash-dr_134830-1308_91_11zon.jpeg,0.797080,yolo_bottle
rbonated-water-water-body-plastic-bottle-drinking-water-pepsi-bottling-group.png,0,0,920,861,1,full,unknown,water,Full  Water level/Full  Water level/rbonated-water-water-body-plastic-bottle-drinking-water-pepsi-bottling-group.png,0.000000,fallback_full_image
saaral-mineral-drinking-water-packed-in-small-sized-plastic-bottles-792_93_11zon.jpeg,136,167,213,364,1,full,unknown,water,Full  Water level/Full  Water level/saaral-mineral-drinking-water-packed-in-small-sized-plastic-bottles-792_93_11zon.jpeg,0.442874,yolo_bottle
saaral-mineral-drinking-water-packed-in-small-sized-plastic-bottles-792_93_11zon_11_11zon.jpeg,136,167,213,364,1,full,unknown,water,Full  Water level/Full  Water level/saaral-mineral-drinking-water-packed-in-small-sized-plastic-bottles-792_93_11zon_11_11zon.jpeg,0.448623,yolo_bottle
set-plastic-water-bottles-on-260nw-1905035554_509_11zon.jpeg,205,15,273,248,1,full,unknown,water,Full  Water level/Full  Water level/set-plastic-water-bottles-on-260nw-1905035554_509_11zon.jpeg,0.920510,yolo_best_non_bottle
Side-Tata-copper-water-800x783_94_11zon.jpeg,354,70,545,681,1,full,unknown,water,Full  Water level/Full  Water level/Side-Tata-copper-water-800x783_94_11zon.jpeg,0.349742,yolo_bottle
small-bottle-mineral-water-plastic-isolated-white_93675-87066_95_11zon.jpeg,116,39,283,608,1,full,unknown,water,Full  Water level/Full  Water level/small-bottle-mineral-water-plastic-isolated-white_93675-87066_95_11zon.jpeg,0.820261,yolo_best_non_bottle
small-bottle-mineral-water-plastic-isolated-white_93675-88200_96_11zon.jpeg,90,65,327,606,1,full,unknown,water,Full  Water level/Full  Water level/small-bottle-mineral-water-plastic-isolated-white_93675-88200_96_11zon.jpeg,0.646596,yolo_best_non_bottle
Small-bottle-of-mineral-water-in-plastic-isolated-on-transparent-background-PNG.png,182,77,420,864,1,full,unknown,water,Full  Water level/Full  Water level/Small-bottle-of-mineral-water-in-plastic-isolated-on-transparent-background-PNG.png,0.461682,yolo_best_non_bottle
small-water-bottle-clear-drinking-cold-stock-photo_csp51910427_97_11zon.jpeg,26,18,175,480,1,full,unknown,water,Full  Water level/Full  Water level/small-water-bottle-clear-drinking-cold-stock-photo_csp51910427_97_11zon.jpeg,0.659316,yolo_best_non_bottle
speed-water-bottle-1-liter-390-w300_98_11zon.jpeg,58,15,195,500,1,full,unknown,water,Full  Water level/Full  Water level/speed-water-bottle-1-liter-390-w300_98_11zon.jpeg,0.831639,yolo_bottle
speed-water-bottle-1-liter-390-w300_98_11zon_12_11zon.jpeg,58,15,195,500,1,full,unknown,water,Full  Water level/Full  Water level/speed-water-bottle-1-liter-390-w300_98_11zon_12_11zon.jpeg,0.815467,yolo_bottle
springh-well-water-500x500_513_11zon.jpeg,121,55,380,435,1,full,unknown,water,Full  Water level/Full  Water level/springh-well-water-500x500_513_11zon.jpeg,0.360317,yolo_bottle
stock-photo-blue-transparent-plastic-bottles-of-water-isolated-on-white-background-360717152_99_11zon.jpeg,912,494,1205,1477,1,full,unknown,water,Full  Water level/Full  Water level/stock-photo-blue-transparent-plastic-bottles-of-water-isolated-on-white-background-360717152_99_11zon.jpeg,0.557675,yolo_bottle
stock-photo-different-size-bisleri-water-bottle-1666941496_516_11zon.jpeg,41,809,261,1466,1,full,unknown,water,Full  Water level/Full  Water level/stock-photo-different-size-bisleri-water-bottle-1666941496_516_11zon.jpeg,0.923459,yolo_bottle
stock-photo-full-water-bottle-137702042_100_11zon.jpeg,378,82,752,1451,1,full,unknown,water,Full  Water level/Full  Water level/stock-photo-full-water-bottle-137702042_100_11zon.jpeg,0.552085,yolo_best_non_bottle
TAG3-1000-ml-Water-Bottle-SDL090608260-1-69a75_101_11zon.jpeg,215,124,398,700,1,full,unknown,water,Full  Water level/Full  Water level/TAG3-1000-ml-Water-Bottle-SDL090608260-1-69a75_101_11zon.jpeg,0.556007,yolo_best_non_bottle
transparent-plastic-drinking-water-bottle-lid-white-background-171190125_104_11zon.jpeg,278,189,793,1524,1,full,unknown,water,Full  Water level/Full  Water level/transparent-plastic-drinking-water-bottle-lid-white-background-171190125_104_11zon.jpeg,0.867291,yolo_best_non_bottle
transparent-water-bottle-isolated-white-background_79161-306_106_11zon.jpeg,181,67,320,537,1,full,unknown,water,Full  Water level/Full  Water level/transparent-water-bottle-isolated-white-background_79161-306_106_11zon.jpeg,0.764507,yolo_best_non_bottle
Transparent-Water-Bottle-Transparent-Background.png,364,152,628,1011,1,full,unknown,water,Full  Water level/Full  Water level/Transparent-Water-Bottle-Transparent-Background.png,0.830702,yolo_best_non_bottle
ttle-on-white-background-for-mockup-design-front-view-without-cap-1688250748_107_11zon.jpeg,336,294,662,1472,1,full,unknown,water,Full  Water level/Full  Water level/ttle-on-white-background-for-mockup-design-front-view-without-cap-1688250748_107_11zon.jpeg,0.505252,yolo_best_non_bottle
ucDFkM-water-bottle-hd-image.png,0,7,394,1456,1,full,unknown,water,Full  Water level/Full  Water level/ucDFkM-water-bottle-hd-image.png,0.256949,yolo_bottle
unnamed (10)_13_11zon.jpeg,151,77,319,669,1,full,unknown,water,Full  Water level/Full  Water level/unnamed (10)_13_11zon.jpeg,0.613798,yolo_best_non_bottle
unnamed (11)_14_11zon.jpeg,0,0,512,683,1,full,unknown,water,Full  Water level/Full  Water level/unnamed (11)_14_11zon.jpeg,0.000000,fallback_full_image
untitled-3-89-16393730024x3_522_11zon.jpeg,367,201,576,917,1,full,unknown,water,Full  Water level/Full  Water level/untitled-3-89-16393730024x3_522_11zon.jpeg,0.911767,yolo_bottle
water-4998513_1280.png,578,18,998,1271,1,full,unknown,water,Full  Water level/Full  Water level/water-4998513_1280.png,0.350307,yolo_bottle
water-6323294_1280.png,0,0,640,1280,1,full,unknown,water,Full  Water level/Full  Water level/water-6323294_1280.png,0.000000,fallback_full_image
water-bottle-bottle-water-clipart-png-collection-10.png,0,0,1208,4140,1,full,unknown,water,Full  Water level/Full  Water level/water-bottle-bottle-water-clipart-png-collection-10.png,0.000000,fallback_full_image
Water-Bottle-Free-Download-PNG.png,2,0,385,418,1,full,unknown,water,Full  Water level/Full  Water level/Water-Bottle-Free-Download-PNG.png,0.559541,yolo_best_non_bottle
water-bottle-isolated-white-31204922_526_11zon.jpeg,208,162,394,799,1,full,unknown,water,Full  Water level/Full  Water level/water-bottle-isolated-white-31204922_526_11zon.jpeg,0.553618,yolo_best_non_bottle
Water-Bottle-Labels-2_528_11zon.jpeg,292,29,456,504,1,full,unknown,water,Full  Water level/Full  Water level/Water-Bottle-Labels-2_528_11zon.jpeg,0.258554,yolo_bottle
water-bottle-plastic-bottle-stock-photography-plastic-water-bottle-11563100205ejtx5zwj5b.png,0,0,840,859,1,full,unknown,water,Full  Water level/Full  Water level/water-bottle-plastic-bottle-stock-photography-plastic-water-bottle-11563100205ejtx5zwj5b.png,0.000000,fallback_full_image
water-bottle-png-0.png,111,3,207,319,1,full,unknown,water,Full  Water level/Full  Water level/water-bottle-png-0.png,0.346108,yolo_bottle
water-bottle-png-6.png,115,38,204,319,1,full,unknown,water,Full  Water level/Full  Water level/water-bottle-png-6.png,0.350380,yolo_bottle
water-bottle-png-image-5a3ac0b696f010.0505177815137998626183_110_11zon.jpeg,24,16,239,509,1,full,unknown,water,Full  Water level/Full  Water level/water-bottle-png-image-5a3ac0b696f010.0505177815137998626183_110_11zon.jpeg,0.523873,yolo_best_non_bottle
Water-Bottle-PNG-Picture.png,202,40,426,675,1,full,unknown,water,Full  Water level/Full  Water level/Water-Bottle-PNG-Picture.png,0.768886,yolo_bottle
Water-Bottle-PNG-Transparent-Image.png,0,0,900,1895,1,full,unknown,water,Full  Water level/Full  Water level/Water-Bottle-PNG-Transparent-Image.png,0.000000,fallback_full_image
water-bottle-transparent-background-3_111_11zon.jpeg,326,414,571,490,1,full,unknown,water,Full  Water level/Full  Water level/water-bottle-transparent-background-3_111_11zon.jpeg,0.267880,yolo_best_non_bottle
water-bottles-1595227213-5525879.jpeg,149,26,331,547,1,full,unknown,water,Full  Water level/Full  Water level/water-bottles-1595227213-5525879.jpeg,0.680796,yolo_bottle
water-in-the-desert_151_11zon.jpeg,935,346,1187,1141,1,full,unknown,water,Full  Water level/Full  Water level/water-in-the-desert_151_11zon.jpeg,0.453720,yolo_bottle
Water-plastic-bottle--isolated-on-transparent-background-PNG.png,183,47,417,863,1,full,unknown,water,Full  Water level/Full  Water level/Water-plastic-bottle--isolated-on-transparent-background-PNG.png,0.682166,yolo_best_non_bottle
water_bottle_PNG98961.png,305,8,593,889,1,full,unknown,water,Full  Water level/Full  Water level/water_bottle_PNG98961.png,0.661876,yolo_bottle
water_bottle_PNG98967.png,306,9,424,295,1,full,unknown,water,Full  Water level/Full  Water level/water_bottle_PNG98967.png,0.753448,yolo_best_non_bottle
WhatsApp Image 2022-12-11 at 10.39.33 PM (1).jpeg,150,126,350,902,1,full,unknown,water,Full  Water level/Full  Water level/WhatsApp Image 2022-12-11 at 10.39.33 PM (1).jpeg,0.645474,yolo_bottle
wheat-grass-500x500_114_11zon.jpeg,106,70,195,284,1,full,unknown,water,Full  Water level/Full  Water level/wheat-grass-500x500_114_11zon.jpeg,0.889192,yolo_bottle
zcOPiHGDYwnhMxovjOyQ_533_11zon.jpeg,0,0,360,380,1,full,unknown,water,Full  Water level/Full  Water level/zcOPiHGDYwnhMxovjOyQ_533_11zon.jpeg,0.000000,fallback_full_image
1-liter-drinking-water-pet-bottle-995-w300_2_11zon.jpeg,56,6,190,469,1,half,unknown,water,Half water level/Half water level/1-liter-drinking-water-pet-bottle-995-w300_2_11zon.jpeg,0.613186,yolo_bottle
1106549-hand-pouring-water-from-a-bottle-to-a-half-filled-glass_10_11zon.jpeg,74,457,646,1283,1,half,unknown,water,Half water level/Half water level/1106549-hand-pouring-water-from-a-bottle-to-a-half-filled-glass_10_11zon.jpeg,0.295907,yolo_best_non_bottle
128385390-a-plastic-bottle-full-of-half-with-mineral-water-on-a-white-background_17_11zon.jpeg,200,109,689,1172,1,full,unknown,water,Half water level/Half water level/128385390-a-plastic-bottle-full-of-half-with-mineral-water-on-a-white-background_17_11zon.jpeg,0.273708,yolo_best_non_bottle
14691096-half-empty-plastic-bottle-of-water-_12_11zon.jpeg,0,0,866,1300,0,none,unknown,none,Half water level/Half water level/14691096-half-empty-plastic-bottle-of-water-_12_11zon.jpeg,0.000000,fallback_full_image
1571450-the-bottle-is-half-full-beverage-drinking-water-photocase-stock-photo-large.jpeg,19,182,507,606,1,full,unknown,water,Half water level/Half water level/1571450-the-bottle-is-half-full-beverage-drinking-water-photocase-stock-photo-large.jpeg,0.638908,yolo_best_non_bottle
181121LifeMadeLight-Liquids-ingredients-LeahWilliams_1_11zon.jpeg,398,271,729,991,1,half,unknown,water,Half water level/Half water level/181121LifeMadeLight-Liquids-ingredients-LeahWilliams_1_11zon.jpeg,0.768886,yolo_bottle
181121LifeMadeLight-Liquids-ingredients-LeahWilliams_1_11zon_4_11zon.jpeg,398,271,729,991,1,half,unknown,water,Half water level/Half water level/181121LifeMadeLight-Liquids-ingredients-LeahWilliams_1_11zon_4_11zon.jpeg,0.774265,yolo_bottle
18226-half-empty-transparent-nutrition-bottle-water-photocase-stock-photo-large.jpeg,0,0,392,849,0,none,unknown,none,Half water level/Half water level/18226-half-empty-transparent-nutrition-bottle-water-photocase-stock-photo-large.jpeg,0.000000,fallback_full_image
19a14edf700920232da668e156ecb654_2_11zon.jpeg,0,0,1599,1066,1,half,unknown,water,Half water level/Half water level/19a14edf700920232da668e156ecb654_2_11zon.jpeg,0.000000,fallback_full_image
1TbscDPF5xV-msTFYjNl8Hg2x.jpeg,0,0,1400,933,1,half,unknown,water,Half water level/Half water level/1TbscDPF5xV-msTFYjNl8Hg2x.jpeg,0.000000,fallback_full_image
1XDNOCGW7WePKu5vH5t1OUA.jpeg,437,36,767,655,1,half,unknown,water,Half water level/Half water level/1XDNOCGW7WePKu5vH5t1OUA.jpeg,0.732905,yolo_best_non_bottle
20140504_111730_13_11zon.jpeg,667,420,1897,3129,1,half,unknown,water,Half water level/Half water level/20140504_111730_13_11zon.jpeg,0.665926,yolo_bottle
2074208574-how-much-empty-space-is-in-a-cup-of-water_15_11zon.jpeg,61,162,595,930,0,none,unknown,none,Half water level/Half water level/2074208574-how-much-empty-space-is-in-a-cup-of-water_15_11zon.jpeg,0.454711,yolo_best_non_bottle
220px-Botella_de_plC3A1stico_-_PET_4_11zon.jpeg,58,13,160,365,1,half,unknown,water,Half water level/Half water level/220px-Botella_de_plC3A1stico_-_PET_4_11zon.jpeg,0.890592,yolo_bottle
220px-Botella_de_plC3A1stico_-_PET_4_11zon_2_11zon.jpeg,58,13,160,365,1,half,unknown,water,Half water level/Half water level/220px-Botella_de_plC3A1stico_-_PET_4_11zon_2_11zon.jpeg,0.879444,yolo_bottle
326532142_18_11zon.jpeg,771,0,1221,825,1,half,unknown,water,Half water level/Half water level/326532142_18_11zon.jpeg,0.815507,yolo_best_non_bottle
33250700-bottle-of-soda-half-full-or-half-empty-isolated-on-white-background_14_11zon.jpeg,286,62,582,1239,0,none,unknown,none,Half water level/Half water level/33250700-bottle-of-soda-half-full-or-half-empty-isolated-on-white-background_14_11zon.jpeg,0.855617,yolo_bottle
360_F_1554527_gNGV7ex4kYfcwkMAP1h0g0gHOqA7IL_5_11zon.jpeg,0,0,240,360,1,half,unknown,water,Half water level/Half water level/360_F_1554527_gNGV7ex4kYfcwkMAP1h0g0gHOqA7IL_5_11zon.jpeg,0.000000,fallback_full_image
360_F_293053226_hVuUD2LNvldnoNb0BuqF8cBMQBMXIh4q_4_11zon.jpeg,80,36,172,335,1,half,unknown,water,Half water level/Half water level/360_F_293053226_hVuUD2LNvldnoNb0BuqF8cBMQBMXIh4q_4_11zon.jpeg,0.741820,yolo_best_non_bottle
360_F_328582842_aaatsJnF4pnKBVZeI0D4NMNRbBWwAL0b_5_11zon.jpeg,0,0,360,360,1,half,unknown,water,Half water level/Half water level/360_F_328582842_aaatsJnF4pnKBVZeI0D4NMNRbBWwAL0b_5_11zon.jpeg,0.000000,fallback_full_image
4222298_9_11zon.jpeg,120,65,293,559,1,half,unknown,water,Half water level/Half water level/4222298_9_11zon.jpeg,0.774391,yolo_best_non_bottle
5267993-opened-water-bottle_11_11zon.jpeg,0,0,440,440,1,half,unknown,water,Half water level/Half water level/5267993-opened-water-bottle_11_11zon.jpeg,0.000000,fallback_full_image
56-562880_cartoon-waterdrop-mineral-water-element-water-bottle-splash.png,524,308,768,592,1,half,unknown,water,Half water level/Half water level/56-562880_cartoon-waterdrop-mineral-water-element-water-bottle-splash.png,0.270921,yolo_best_non_bottle
616TNPSEeLS._SL1360__8_11zon.jpeg,839,141,1117,1259,1,half,unknown,water,Half water level/Half water level/616TNPSEeLS._SL1360__8_11zon.jpeg,0.882898,yolo_best_non_bottle
630-leak-proof-stayle-sipper-bottle-l-transparent-water-bottle-original-imagfzz5kcaxykhd.jpeg,168,256,314,413,1,half,unknown,water,Half water level/Half water level/630-leak-proof-stayle-sipper-bottle-l-transparent-water-bottle-original-imagfzz5kcaxykhd.jpeg,0.840637,yolo_best_non_bottle
71LFH7RWciL._SL1500__10_11zon.jpeg,316,94,638,1244,1,half,unknown,water,Half water level/Half water level/71LFH7RWciL._SL1500__10_11zon.jpeg,0.339766,yolo_best_non_bottle
8-81560_water-glass-png-free-download-glass-half-full_4_11zon.jpeg,214,36,645,695,1,full,unknown,water,Half water level/Half water level/8-81560_water-glass-png-free-download-glass-half-full_4_11zon.jpeg,0.644013,yolo_best_non_bottle
800px_COLOURBOX19078860_7_11zon.jpeg,0,0,800,533,1,half,unknown,water,Half water level/Half water level/800px_COLOURBOX19078860_7_11zon.jpeg,0.000000,fallback_full_image
8945097761_5982ca312f_b_16_11zon.jpeg,0,0,1024,333,1,half,unknown,water,Half water level/Half water level/8945097761_5982ca312f_b_16_11zon.jpeg,0.000000,fallback_full_image
alf-full-blue-plastic-bottle-white-wood-table-quench-thirst-health-201694124_14_11zon.jpeg,214,67,340,480,1,full,unknown,water,Half water level/Half water level/alf-full-blue-plastic-bottle-white-wood-table-quench-thirst-health-201694124_14_11zon.jpeg,0.755548,yolo_bottle
and-a-stacked-glass-of-water-on-a-gradient-blue-background-copy-space-vector_22_11zon.jpeg,1251,67,1503,927,1,half,unknown,water,Half water level/Half water level/and-a-stacked-glass-of-water-on-a-gradient-blue-background-copy-space-vector_22_11zon.jpeg,0.682645,yolo_best_non_bottle
astic-water-bottle-half-filled-clear-clean-drinking-water-isolated-204332879_16_11zon.jpeg,416,31,670,772,1,half,unknown,water,Half water level/Half water level/astic-water-bottle-half-filled-clear-clean-drinking-water-isolated-204332879_16_11zon.jpeg,0.273980,yolo_bottle
bisleri-packaged-drinking-water-with-10-step-quality-cycle-and-114-quality-tests-024-w300_83_11zon.jpeg,68,77,235,357,1,half,unknown,water,Half water level/Half water level/bisleri-packaged-drinking-water-with-10-step-quality-cycle-and-114-quality-tests-024-w300_83_11zon.jpeg,0.879935,yolo_bottle
blue-plastic-water-bottle-lying-on-glass-shelf-half-full-or-half-empty-J1BYWJ_26_11zon.jpeg,103,261,1237,655,0,none,unknown,none,Half water level/Half water level/blue-plastic-water-bottle-lying-on-glass-shelf-half-full-or-half-empty-J1BYWJ_26_11zon.jpeg,0.413640,yolo_best_non_bottle
bottle-1_27_11zon.jpeg,682,174,1720,3214,1,half,unknown,water,Half water level/Half water level/bottle-1_27_11zon.jpeg,0.724796,yolo_bottle
bottle-fresh-orange-juice-flat-icon_738121-1055_18_11zon.jpeg,0,0,626,626,1,half,unknown,water,Half water level/Half water level/bottle-fresh-orange-juice-flat-icon_738121-1055_18_11zon.jpeg,0.000000,fallback_full_image
bottle-half-filled-water-blue-169564825_30_11zon.jpeg,0,0,1200,1689,1,half,unknown,water,Half water level/Half water level/bottle-half-filled-water-blue-169564825_30_11zon.jpeg,0.000000,fallback_full_image
bottle-of-unbranded-water-and-glass-M0CMXC_21_11zon.jpeg,402,208,683,1019,1,half,unknown,water,Half water level/Half water level/bottle-of-unbranded-water-and-glass-M0CMXC_21_11zon.jpeg,0.918574,yolo_bottle
bottle-with-dirty-water-eps-vector_csp27096880_32_11zon.jpeg,0,0,529,519,1,half,unknown,water,Half water level/Half water level/bottle-with-dirty-water-eps-vector_csp27096880_32_11zon.jpeg,0.000000,fallback_full_image
bottled20water_3_11zon.jpeg,0,0,960,1280,1,half,unknown,water,Half water level/Half water level/bottled20water_3_11zon.jpeg,0.000000,fallback_full_image
cf4c3d32a5000f236e4bc57fdce0d3fd_35_11zon.jpeg,0,0,1600,1067,1,half,unknown,water,Half water level/Half water level/cf4c3d32a5000f236e4bc57fdce0d3fd_35_11zon.jpeg,0.000000,fallback_full_image
CIMG3056_LI_36_11zon.jpeg,2,1,699,1442,1,half,unknown,water,Half water level/Half water level/CIMG3056_LI_36_11zon.jpeg,0.304369,yolo_best_non_bottle
closeup-glass-full-water-half-filled-blue-bottle-against-black-background-190906441_26_11zon.jpeg,88,48,230,479,1,full,unknown,water,Half water level/Half water level/closeup-glass-full-water-half-filled-blue-bottle-against-black-background-190906441_26_11zon.jpeg,0.866685,yolo_bottle
DSyGfnAXkAI5cl0_30_11zon.jpeg,296,38,653,1197,1,half,unknown,water,Half water level/Half water level/DSyGfnAXkAI5cl0_30_11zon.jpeg,0.435949,yolo_best_non_bottle
ed-of-fresh-sparkling-water-flat-icon-isolated-on-white-background-580916992_24_11zon.jpeg,0,0,1500,1600,1,half,unknown,water,Half water level/Half water level/ed-of-fresh-sparkling-water-flat-icon-isolated-on-white-background-580916992_24_11zon.jpeg,0.000000,fallback_full_image
ent-plastic-depending-how-you-look-durchsichtige-wasserflasche-aus-246568349_25_11zon.jpeg,374,2,718,527,1,half,unknown,water,Half water level/Half water level/ent-plastic-depending-how-you-look-durchsichtige-wasserflasche-aus-246568349_25_11zon.jpeg,0.765007,yolo_best_non_bottle
f-full-water-white-background-large-plastic-bottle-half-full-water-254636074_26_11zon.jpeg,118,133,454,818,1,full,unknown,water,Half water level/Half water level/f-full-water-white-background-large-plastic-bottle-half-full-water-254636074_26_11zon.jpeg,0.491292,yolo_bottle
fabacaea471681d704f6d05cc38738e6_42_11zon.jpeg,0,0,700,540,1,half,unknown,water,Half water level/Half water level/fabacaea471681d704f6d05cc38738e6_42_11zon.jpeg,0.000000,fallback_full_image
full-glass-water-isolated-black-background-filled-filling-fresh-half-empty-118845221_28_11zon.jpeg,0,0,800,589,0,none,unknown,none,Half water level/Half water level/full-glass-water-isolated-black-background-filled-filling-fresh-half-empty-118845221_28_11zon.jpeg,0.000000,fallback_full_image
glass-bottle-half-filled-water-cap-isolated-white-background-245858993_29_11zon.jpeg,275,114,522,848,1,half,unknown,water,Half water level/Half water level/glass-bottle-half-filled-water-cap-isolated-white-background-245858993_29_11zon.jpeg,0.738510,yolo_best_non_bottle
glass-of-water-transparent-background-11_30_11zon.jpeg,230,291,702,1393,1,half,unknown,water,Half water level/Half water level/glass-of-water-transparent-background-11_30_11zon.jpeg,0.651832,yolo_best_non_bottle
Glass-of-water_33_11zon.jpeg,378,237,1237,2024,1,half,unknown,water,Half water level/Half water level/Glass-of-water_33_11zon.jpeg,0.807756,yolo_best_non_bottle
half-empty-bottle-stock-image_csp8298746_5_11zon.jpeg,144,59,280,481,0,none,unknown,none,Half water level/Half water level/half-empty-bottle-stock-image_csp8298746_5_11zon.jpeg,0.632700,yolo_best_non_bottle
half-empty-plastic-mineral-water-bottle-on-a-green-lawn-BREMD2_32_11zon.jpeg,277,65,630,1060,0,none,unknown,none,Half water level/Half water level/half-empty-plastic-mineral-water-bottle-on-a-green-lawn-BREMD2_32_11zon.jpeg,0.931029,yolo_bottle
half-empty-water-bottle2_48_11zon.jpeg,134,72,369,660,0,none,unknown,none,Half water level/Half water level/half-empty-water-bottle2_48_11zon.jpeg,0.795058,yolo_bottle
half-full-jug-water-glass-260nw-2080854808_35_11zon.jpeg,190,33,261,233,1,full,unknown,water,Half water level/Half water level/half-full-jug-water-glass-260nw-2080854808_35_11zon.jpeg,0.861134,yolo_bottle
half-full-plastic-bottle-of-water-on-reflective-surface-M0H87K_36_11zon.jpeg,124,114,141,141,1,full,unknown,water,Half water level/Half water level/half-full-plastic-bottle-of-water-on-reflective-surface-M0H87K_36_11zon.jpeg,0.286188,yolo_best_non_bottle
half-full-water-bottle-with-white-cap-on-a-metal-table-and-white-background-2GGG910_37_11zon.jpeg,548,129,726,744,1,full,unknown,water,Half water level/Half water level/half-full-water-bottle-with-white-cap-on-a-metal-table-and-white-background-2GGG910_37_11zon.jpeg,0.778636,yolo_best_non_bottle
halfemptyhalffull.png,103,160,482,932,0,none,unknown,none,Half water level/Half water level/halfemptyhalffull.png,0.364077,yolo_best_non_bottle
ic-bottle-into-half-filled-drinking-glass-with-reflection-on-white-and-blue-_39_11zon.jpeg,0,0,873,1300,1,half,unknown,water,Half water level/Half water level/ic-bottle-into-half-filled-drinking-glass-with-reflection-on-white-and-blue-_39_11zon.jpeg,0.000000,fallback_full_image
image26.jpeg,58,15,129,213,1,half,unknown,water,Half water level/Half water level/image26.jpeg,0.930572,yolo_bottle
images (5)_43_11zon.jpeg,0,0,250,202,1,half,unknown,water,Half water level/Half water level/images (5)_43_11zon.jpeg,0.000000,fallback_full_image
images105_63_11zon.jpeg,129,3,249,181,1,half,unknown,water,Half water level/Half water level/images105_63_11zon.jpeg,0.712238,yolo_best_non_bottle
images130_70_11zon.jpeg,108,49,144,174,1,half,unknown,water,Half water level/Half water level/images130_70_11zon.jpeg,0.646186,yolo_bottle
images136_72_11zon.jpeg,267,0,360,88,1,half,unknown,water,Half water level/Half water level/images136_72_11zon.jpeg,0.277610,yolo_best_non_bottle
images139_6_11zon.jpeg,61,33,132,209,1,half,unknown,water,Half water level/Half water level/images139_6_11zon.jpeg,0.750549,yolo_bottle
images147_77_11zon.jpeg,0,0,275,183,1,half,unknown,water,Half water level/Half water level/images147_77_11zon.jpeg,0.000000,fallback_full_image
images157_80_11zon.jpeg,67,14,139,249,1,half,unknown,water,Half water level/Half water level/images157_80_11zon.jpeg,0.767822,yolo_bottle
images161_83_11zon.jpeg,48,18,139,240,1,half,unknown,water,Half water level/Half water level/images161_83_11zon.jpeg,0.774872,yolo_bottle
images168_88_11zon.jpeg,162,72,192,160,1,half,unknown,water,Half water level/Half water level/images168_88_11zon.jpeg,0.361898,yolo_bottle
images184_92_11zon.jpeg,13,19,166,258,1,half,unknown,water,Half water level/Half water level/images184_92_11zon.jpeg,0.810453,yolo_best_non_bottle
images212_101_11zon.jpeg,49,23,125,248,1,half,unknown,water,Half water level/Half water level/images212_101_11zon.jpeg,0.328340,yolo_bottle
images240_106_11zon.jpeg,181,1,286,151,1,half,unknown,water,Half water level/Half water level/images240_106_11zon.jpeg,0.666581,yolo_bottle
images244_108_11zon.jpeg,9,0,386,125,1,half,unknown,water,Half water level/Half water level/images244_108_11zon.jpeg,0.649928,yolo_best_non_bottle
images335_337_11zon.jpeg,104,4,173,179,1,half,unknown,water,Half water level/Half water level/images335_337_11zon.jpeg,0.901308,yolo_bottle
images48_51_11zon.jpeg,47,16,114,242,1,half,unknown,water,Half water level/Half water level/images48_51_11zon.jpeg,0.598345,yolo_bottle
images51_52_11zon.jpeg,0,0,225,225,1,half,unknown,water,Half water level/Half water level/images51_52_11zon.jpeg,0.000000,fallback_full_image
images54_43_11zon.jpeg,8,23,87,261,1,half,unknown,water,Half water level/Half water level/images54_43_11zon.jpeg,0.935819,yolo_bottle
images68_55_11zon.jpeg,0,0,312,162,1,half,unknown,water,Half water level/Half water level/images68_55_11zon.jpeg,0.000000,fallback_full_image
images93_54_11zon.jpeg,69,0,147,224,1,half,unknown,water,Half water level/Half water level/images93_54_11zon.jpeg,0.715995,yolo_bottle
IMG-20221215-WA0005_12_11zon.jpeg,193,107,512,1149,1,half,unknown,water,Half water level/Half water level/IMG-20221215-WA0005_12_11zon.jpeg,0.648217,yolo_best_non_bottle
IMG-20221215-WA0008_13_11zon.jpeg,322,39,649,1138,1,half,unknown,water,Half water level/Half water level/IMG-20221215-WA0008_13_11zon.jpeg,0.591776,yolo_best_non_bottle
IMG-20221215-WA0009_14_11zon.jpeg,266,92,544,1061,1,half,unknown,water,Half water level/Half water level/IMG-20221215-WA0009_14_11zon.jpeg,0.751712,yolo_best_non_bottle
IMG20221210152446_15_11zon.jpeg,638,107,1593,3660,1,half,unknown,water,Half water level/Half water level/IMG20221210152446_15_11zon.jpeg,0.563533,yolo_bottle
IMG20221210152447_16_11zon.jpeg,567,240,1494,3742,1,half,unknown,water,Half water level/Half water level/IMG20221210152447_16_11zon.jpeg,0.469864,yolo_bottle
IMG20221210152450_17_11zon.jpeg,606,206,1532,3668,1,half,unknown,water,Half water level/Half water level/IMG20221210152450_17_11zon.jpeg,0.490530,yolo_bottle
IMG20221210152519_18_11zon.jpeg,628,474,1488,3634,1,half,unknown,water,Half water level/Half water level/IMG20221210152519_18_11zon.jpeg,0.432832,yolo_bottle
IMG20221210152520_19_11zon.jpeg,605,482,1474,3639,1,half,unknown,water,Half water level/Half water level/IMG20221210152520_19_11zon.jpeg,0.687770,yolo_bottle
IMG20221210163253_20_11zon.jpeg,441,83,1425,3513,1,half,unknown,water,Half water level/Half water level/IMG20221210163253_20_11zon.jpeg,0.446865,yolo_bottle
IMG20221210163257_22_11zon.jpeg,441,105,1457,3596,1,half,unknown,water,Half water level/Half water level/IMG20221210163257_22_11zon.jpeg,0.344528,yolo_bottle
IMG20221210210812_23_11zon.jpeg,397,735,1283,3320,1,half,unknown,water,Half water level/Half water level/IMG20221210210812_23_11zon.jpeg,0.748665,yolo_bottle
IMG20221226130645_25_11zon.jpeg,1471,744,1776,1289,1,half,unknown,water,Half water level/Half water level/IMG20221226130645_25_11zon.jpeg,0.455250,yolo_bottle
IMG20221226130700_27_11zon.jpeg,631,467,1370,3175,1,half,unknown,water,Half water level/Half water level/IMG20221226130700_27_11zon.jpeg,0.672418,yolo_bottle
IMG20221226130703_28_11zon.jpeg,625,433,1370,3251,1,half,unknown,water,Half water level/Half water level/IMG20221226130703_28_11zon.jpeg,0.784008,yolo_bottle
IMG20221226133443_29_11zon.jpeg,775,658,1503,3016,1,half,unknown,water,Half water level/Half water level/IMG20221226133443_29_11zon.jpeg,0.912941,yolo_bottle
IMG20221226133447_30_11zon.jpeg,638,687,1378,3097,1,half,unknown,water,Half water level/Half water level/IMG20221226133447_30_11zon.jpeg,0.881125,yolo_bottle
IMG20221226183446_32_11zon.jpeg,401,54,1365,3737,1,half,unknown,water,Half water level/Half water level/IMG20221226183446_32_11zon.jpeg,0.798448,yolo_bottle
IMG_20221226_131312_11_11zon.jpeg,442,223,824,1449,1,half,unknown,water,Half water level/Half water level/IMG_20221226_131312_11_11zon.jpeg,0.276885,yolo_bottle
IMG_9470.JPG_55_11zon.jpeg,1372,0,2499,1518,1,half,unknown,water,Half water level/Half water level/IMG_9470.JPG_55_11zon.jpeg,0.758662,yolo_best_non_bottle
ing-water-optimism-drinking-water-a-glass-of-water-15QVZ9ETLp08BX4BeNny5kjBm_56_11zon.jpeg,78,61,649,884,1,half,unknown,water,Half water level/Half water level/ing-water-optimism-drinking-water-a-glass-of-water-15QVZ9ETLp08BX4BeNny5kjBm_56_11zon.jpeg,0.887285,yolo_best_non_bottle
le-and-a-glass-tumbler-half-filled-with-water-close-up-isolated-on-a-white-b_57_11zon.jpeg,172,162,456,1123,1,half,unknown,water,Half water level/Half water level/le-and-a-glass-tumbler-half-filled-with-water-close-up-isolated-on-a-white-b_57_11zon.jpeg,0.645964,yolo_best_non_bottle
maxresdefault_130_11zon.jpeg,652,97,1242,1012,1,half,unknown,water,Half water level/Half water level/maxresdefault_130_11zon.jpeg,0.756066,yolo_best_non_bottle
n-sky-blue-background-yellow-liquid-in-transparent-container-stylize-2K5HJND_50_11zon.jpeg,469,124,837,1200,1,half,unknown,water,Half water level/Half water level/n-sky-blue-background-yellow-liquid-in-transparent-container-stylize-2K5HJND_50_11zon.jpeg,0.423332,yolo_best_non_bottle
nds-on-a-stone-in-front-of-a-waterfall-will-we-run-out-of-water-soon-2H7NMJ2_49_11zon.jpeg,789,170,973,800,1,half,unknown,water,Half water level/Half water level/nds-on-a-stone-in-front-of-a-waterfall-will-we-run-out-of-water-soon-2H7NMJ2_49_11zon.jpeg,0.521332,yolo_best_non_bottle
on-green-grass-there-transparent-260nw-1476775592_52_11zon.jpeg,171,61,222,201,1,half,unknown,water,Half water level/Half water level/on-green-grass-there-transparent-260nw-1476775592_52_11zon.jpeg,0.825041,yolo_bottle
opened-water-bottle-4222358_59_11zon.jpeg,705,145,1153,1287,1,half,unknown,water,Half water level/Half water level/opened-water-bottle-4222358_59_11zon.jpeg,0.624374,yolo_best_non_bottle
or-half-full-optimism-graphy-water-glass-glass-tumbler-water-glass-thumbnail_53_11zon.jpeg,0,0,360,480,1,full,unknown,water,Half water level/Half water level/or-half-full-optimism-graphy-water-glass-glass-tumbler-water-glass-thumbnail_53_11zon.jpeg,0.000000,fallback_full_image
plastic-bottle-half-full-147900449_56_11zon.jpeg,211,101,414,883,1,full,unknown,water,Half water level/Half water level/plastic-bottle-half-full-147900449_56_11zon.jpeg,0.369043,yolo_bottle
plastic-bottle-half-full-water-147900545_61_11zon.jpeg,376,156,734,1407,1,full,unknown,water,Half water level/Half water level/plastic-bottle-half-full-water-147900545_61_11zon.jpeg,0.697546,yolo_bottle
plastic-bottle-water-half-full-reflective-surface-107565079_62_11zon.jpeg,209,160,379,802,1,full,unknown,water,Half water level/Half water level/plastic-bottle-water-half-full-reflective-surface-107565079_62_11zon.jpeg,0.471396,yolo_best_non_bottle
plastic-bottles-some-half-full-others-half-empty-ready-for-recycling-2EA8WXY_133_11zon.jpeg,541,0,879,549,0,none,unknown,none,Half water level/Half water level/plastic-bottles-some-half-full-others-half-empty-ready-for-recycling-2EA8WXY_133_11zon.jpeg,0.252948,yolo_bottle
plastic-open-bottle-mineral-water-half-full-isolated-white-159766340_58_11zon.jpeg,212,63,427,816,1,full,unknown,water,Half water level/Half water level/plastic-open-bottle-mineral-water-half-full-isolated-white-159766340_58_11zon.jpeg,0.808966,yolo_bottle
plastic-water-recycled-bottles-filled-260nw-1473451991_59_11zon.jpeg,92,48,177,260,1,half,unknown,water,Half water level/Half water level/plastic-water-recycled-bottles-filled-260nw-1473451991_59_11zon.jpeg,0.930347,yolo_best_non_bottle
pt_2291_44_o_64_11zon.jpeg,0,356,297,439,1,half,unknown,water,Half water level/Half water level/pt_2291_44_o_64_11zon.jpeg,0.424681,yolo_best_non_bottle
selective-focus-shot-of-a-half-empty-water-bottle-on-a-surface-captured-at-daylight-2C55CP6_68_11zon.jpeg,3,149,1237,773,0,none,unknown,none,Half water level/Half water level/selective-focus-shot-of-a-half-empty-water-bottle-on-a-surface-captured-at-daylight-2C55CP6_68_11zon.jpeg,0.792196,yolo_best_non_bottle
small-green-water-bottle-glass-tumbler-half-filled-close-up-isolated-white-background-210406391_68_11zon.jpeg,118,102,315,770,1,half,unknown,water,Half water level/Half water level/small-green-water-bottle-glass-tumbler-half-filled-close-up-isolated-white-background-210406391_68_11zon.jpeg,0.675659,yolo_bottle
Stardust2_71_11zon.jpeg,411,226,589,886,1,half,unknown,water,Half water level/Half water level/Stardust2_71_11zon.jpeg,0.442694,yolo_bottle
sub-buzz-3229-1659158296-33.png,0,720,537,1404,1,half,unknown,water,Half water level/Half water level/sub-buzz-3229-1659158296-33.png,0.746710,yolo_best_non_bottle
three-type-of-glass-bottle-isolated-full-half-and-empty-free-vector_142_11zon.jpeg,649,87,1106,936,0,none,unknown,none,Half water level/Half water level/three-type-of-glass-bottle-isolated-full-half-and-empty-free-vector_142_11zon.jpeg,0.626442,yolo_best_non_bottle
unnamed (1)_34_11zon.jpeg,145,47,336,665,1,half,unknown,water,Half water level/Half water level/unnamed (1)_34_11zon.jpeg,0.549740,yolo_best_non_bottle
unnamed (2)_35_11zon.jpeg,161,70,376,682,1,half,unknown,water,Half water level/Half water level/unnamed (2)_35_11zon.jpeg,0.684891,yolo_best_non_bottle
unnamed (3)_36_11zon.jpeg,142,103,326,673,1,half,unknown,water,Half water level/Half water level/unnamed (3)_36_11zon.jpeg,0.460294,yolo_best_non_bottle
unnamed (4)_37_11zon.jpeg,165,139,348,672,1,half,unknown,water,Half water level/Half water level/unnamed (4)_37_11zon.jpeg,0.260534,yolo_bottle
unnamed (5)_38_11zon.jpeg,155,73,334,655,1,half,unknown,water,Half water level/Half water level/unnamed (5)_38_11zon.jpeg,0.868488,yolo_bottle
unnamed (6)_39_11zon.jpeg,146,55,336,664,1,half,unknown,water,Half water level/Half water level/unnamed (6)_39_11zon.jpeg,0.293140,yolo_bottle
unnamed (7)_40_11zon.jpeg,183,50,368,668,1,half,unknown,water,Half water level/Half water level/unnamed (7)_40_11zon.jpeg,0.330500,yolo_bottle
unnamed (8)_41_11zon.jpeg,132,68,296,625,1,half,unknown,water,Half water level/Half water level/unnamed (8)_41_11zon.jpeg,0.278555,yolo_bottle
unnamed (9)_42_11zon.jpeg,122,32,310,661,1,half,unknown,water,Half water level/Half water level/unnamed (9)_42_11zon.jpeg,0.407089,yolo_best_non_bottle
unnamed_43_11zon.jpeg,188,93,352,616,1,half,unknown,water,Half water level/Half water level/unnamed_43_11zon.jpeg,0.373276,yolo_bottle
water-bottle-and-glass-4346300-3612003.png,0,0,450,450,1,half,unknown,water,Half water level/Half water level/water-bottle-and-glass-4346300-3612003.png,0.000000,fallback_full_image
water-bottle-half-liter-filled-41995473_8_11zon.jpeg,277,143,593,1220,1,half,unknown,water,Half water level/Half water level/water-bottle-half-liter-filled-41995473_8_11zon.jpeg,0.355156,yolo_bottle
water-filled-blue-plastic-bottle-260nw-170543522_73_11zon.jpeg,0,0,173,280,1,half,unknown,water,Half water level/Half water level/water-filled-blue-plastic-bottle-260nw-170543522_73_11zon.jpeg,0.000000,fallback_full_image
water-filled-blue-plastic-bottle-260nw-170543522_73_11zon_44_11zon.jpeg,0,0,173,280,1,half,unknown,water,Half water level/Half water level/water-filled-blue-plastic-bottle-260nw-170543522_73_11zon_44_11zon.jpeg,0.000000,fallback_full_image
WhatsApp Image 2022-12-11 at 10.39.31 PM.jpeg,113,172,334,831,1,half,unknown,water,Half water level/Half water level/WhatsApp Image 2022-12-11 at 10.39.31 PM.jpeg,0.783034,yolo_bottle
WhatsApp Image 2022-12-11 at 10.39.32 PM (1).jpeg,106,29,353,886,1,half,unknown,water,Half water level/Half water level/WhatsApp Image 2022-12-11 at 10.39.32 PM (1).jpeg,0.424389,yolo_bottle
WhatsApp Image 2022-12-11 at 10.39.34 PM.jpeg,157,119,372,908,1,half,unknown,water,Half water level/Half water level/WhatsApp Image 2022-12-11 at 10.39.34 PM.jpeg,0.689366,yolo_bottle
WhatsApp Image 2022-12-11 at 10.39.36 PM.jpeg,162,44,398,921,1,half,unknown,water,Half water level/Half water level/WhatsApp Image 2022-12-11 at 10.39.36 PM.jpeg,0.665169,yolo_bottle
winner-300-ml-packaged-drinking-water-bottle-1000x1000.jpeg,214,92,503,991,1,half,unknown,water,Half water level/Half water level/winner-300-ml-packaged-drinking-water-bottle-1000x1000.jpeg,0.673242,yolo_bottle
winner-300-ml-packaged-drinking-water-bottle-1000x1000_45_11zon.jpeg,214,92,503,991,1,half,unknown,water,Half water level/Half water level/winner-300-ml-packaged-drinking-water-bottle-1000x1000_45_11zon.jpeg,0.675539,yolo_bottle
download (1)_1_11zon.jpeg,0,10,245,199,1,overflowing,unknown,water,Overflowing/Overflowing/download (1)_1_11zon.jpeg,0.340719,yolo_best_non_bottle
download (11)_3_11zon.jpeg,0,0,300,168,1,overflowing,unknown,water,Overflowing/Overflowing/download (11)_3_11zon.jpeg,0.000000,fallback_full_image
download (12)_4_11zon.jpeg,0,0,265,190,1,overflowing,unknown,water,Overflowing/Overflowing/download (12)_4_11zon.jpeg,0.000000,fallback_full_image
download (13)_5_11zon.jpeg,1,0,170,193,1,overflowing,unknown,water,Overflowing/Overflowing/download (13)_5_11zon.jpeg,0.529848,yolo_best_non_bottle
download (15)_6_11zon.jpeg,0,0,286,176,1,overflowing,unknown,water,Overflowing/Overflowing/download (15)_6_11zon.jpeg,0.000000,fallback_full_image
download (16)_7_11zon.jpeg,0,0,300,168,1,overflowing,unknown,water,Overflowing/Overflowing/download (16)_7_11zon.jpeg,0.000000,fallback_full_image
download (2)_2_11zon.jpeg,41,4,230,183,1,overflowing,unknown,water,Overflowing/Overflowing/download (2)_2_11zon.jpeg,0.663018,yolo_best_non_bottle
download (3)_3_11zon.jpeg,97,81,185,162,1,overflowing,unknown,water,Overflowing/Overflowing/download (3)_3_11zon.jpeg,0.495036,yolo_best_non_bottle
download (4)_4_11zon.jpeg,0,0,194,259,1,overflowing,unknown,water,Overflowing/Overflowing/download (4)_4_11zon.jpeg,0.000000,fallback_full_image
download (5)_5_11zon.jpeg,0,0,182,277,1,overflowing,unknown,water,Overflowing/Overflowing/download (5)_5_11zon.jpeg,0.000000,fallback_full_image
download5_7_11zon.jpeg,0,0,183,275,1,overflowing,unknown,water,Overflowing/Overflowing/download5_7_11zon.jpeg,0.000000,fallback_full_image
download_6_11zon.jpeg,31,1,134,182,1,overflowing,unknown,water,Overflowing/Overflowing/download_6_11zon.jpeg,0.329647,yolo_best_non_bottle
downloadfgfg_8_11zon.jpeg,0,0,202,250,1,overflowing,unknown,water,Overflowing/Overflowing/downloadfgfg_8_11zon.jpeg,0.000000,fallback_full_image
images (1)_8_11zon.jpeg,7,11,274,178,1,overflowing,unknown,water,Overflowing/Overflowing/images (1)_8_11zon.jpeg,0.267932,yolo_best_non_bottle
images (2)_4_11zon.jpeg,0,0,177,284,1,overflowing,unknown,water,Overflowing/Overflowing/images (2)_4_11zon.jpeg,0.000000,fallback_full_image
images (2)_9_11zon.jpeg,0,0,279,180,1,overflowing,unknown,water,Overflowing/Overflowing/images (2)_9_11zon.jpeg,0.000000,fallback_full_image
images (3)_10_11zon.jpeg,0,0,250,202,1,overflowing,unknown,water,Overflowing/Overflowing/images (3)_10_11zon.jpeg,0.000000,fallback_full_image
images (3)_5_11zon.jpeg,180,152,258,194,1,overflowing,unknown,water,Overflowing/Overflowing/images (3)_5_11zon.jpeg,0.415295,yolo_best_non_bottle
images (4)_11_11zon.jpeg,0,0,262,192,1,overflowing,unknown,water,Overflowing/Overflowing/images (4)_11_11zon.jpeg,0.000000,fallback_full_image
images (8)_13_11zon.jpeg,0,0,181,279,1,overflowing,unknown,water,Overflowing/Overflowing/images (8)_13_11zon.jpeg,0.000000,fallback_full_image
images115_201_11zon.jpeg,0,0,259,194,1,overflowing,unknown,water,Overflowing/Overflowing/images115_201_11zon.jpeg,0.000000,fallback_full_image
images196_11zon.jpeg,0,0,152,331,1,overflowing,unknown,water,Overflowing/Overflowing/images196_11zon.jpeg,0.000000,fallback_full_image
images230_104_11zon_cleanup_11zon.jpeg,0,0,275,183,1,overflowing,unknown,water,Overflowing/Overflowing/images230_104_11zon_cleanup_11zon.jpeg,0.000000,fallback_full_image
images3_12_11zon.jpeg,112,43,161,165,1,overflowing,unknown,water,Overflowing/Overflowing/images3_12_11zon.jpeg,0.821909,yolo_bottle
images3_12_11zon_1_11zon.jpeg,113,43,161,166,1,overflowing,unknown,water,Overflowing/Overflowing/images3_12_11zon_1_11zon.jpeg,0.826833,yolo_bottle
images4_13_11zon.jpeg,2,86,166,267,1,overflowing,unknown,water,Overflowing/Overflowing/images4_13_11zon.jpeg,0.263967,yolo_best_non_bottle
images_14_11zon.jpeg,0,0,259,194,1,overflowing,unknown,water,Overflowing/Overflowing/images_14_11zon.jpeg,0.000000,fallback_full_image
images_6_11zon.jpeg,77,63,203,215,1,overflowing,unknown,water,Overflowing/Overflowing/images_6_11zon.jpeg,0.526324,yolo_best_non_bottle
images_9_11zon.jpeg,1,197,183,275,1,overflowing,unknown,water,Overflowing/Overflowing/images_9_11zon.jpeg,0.557354,yolo_best_non_bottle
imagesfgdfghdfg_14_11zon.jpeg,46,128,160,255,1,overflowing,unknown,water,Overflowing/Overflowing/imagesfgdfghdfg_14_11zon.jpeg,0.450071,yolo_best_non_bottle
imagesfhjfg_15_11zon_4_11zon.jpeg,43,92,150,195,1,overflowing,unknown,water,Overflowing/Overflowing/imagesfhjfg_15_11zon_4_11zon.jpeg,0.591106,yolo_best_non_bottle
unnamed (12)_5_11zon.jpeg,148,190,317,682,1,overflowing,unknown,water,Overflowing/Overflowing/unnamed (12)_5_11zon.jpeg,0.530691,yolo_bottle
unnamed (13)_6_11zon.jpeg,0,0,512,683,1,overflowing,unknown,water,Overflowing/Overflowing/unnamed (13)_6_11zon.jpeg,0.000000,fallback_full_image
unnamed (14)_7_11zon.jpeg,196,17,385,680,1,overflowing,unknown,water,Overflowing/Overflowing/unnamed (14)_7_11zon.jpeg,0.615370,yolo_bottle
unnamed (15)_8_11zon.jpeg,188,125,392,681,1,overflowing,unknown,water,Overflowing/Overflowing/unnamed (15)_8_11zon.jpeg,0.466787,yolo_bottle
unnamed (16)_9_11zon.jpeg,114,65,341,667,1,overflowing,unknown,water,Overflowing/Overflowing/unnamed (16)_9_11zon.jpeg,0.262867,yolo_bottle
unnamed (17)_10_11zon.jpeg,132,210,322,682,1,overflowing,unknown,water,Overflowing/Overflowing/unnamed (17)_10_11zon.jpeg,0.258591,yolo_best_non_bottle
unnamed (18)_11_11zon.jpeg,136,298,291,680,1,overflowing,unknown,water,Overflowing/Overflowing/unnamed (18)_11_11zon.jpeg,0.279100,yolo_best_non_bottle
unnamed (19)_12_11zon.jpeg,129,187,311,683,1,overflowing,unknown,water,Overflowing/Overflowing/unnamed (19)_12_11zon.jpeg,0.449159,yolo_best_non_bottle
